-- SQLite backup (convertido desde MySQL)
-- IDs en formato UUID v4 (compatible con uuid.v4())

PRAGMA foreign_keys = OFF;

-- phpMyAdmin SQL Dump
-- version 5.2.1
-- https://www.phpmyadmin.net/
--
-- Servidor: 127.0.0.1
-- Tiempo de generación: 29-01-2026 a las 19:42:15
-- Versión del servidor: 10.4.32-MariaDB
-- Versión de PHP: 8.2.12











--
-- Base de datos: `textiles`
--

-- --------------------------------------------------------

--
-- Estructura de tabla para la tabla `categorias`
--

CREATE TABLE IF NOT EXISTS "categorias" (
  "id" TEXT,
  
  "categoria" TEXT DEFAULT NULL,
  
  "activo" INTEGER DEFAULT 1
);

INSERT INTO "categorias" ("id", "categoria") VALUES
('ac4b8cd3-292a-451c-8524-595e4e756697', 'Tela'),
('5552f820-af06-4800-8d67-75612128b1df', 'Aplique');

-- --------------------------------------------------------

--
-- Estructura de tabla para la tabla `colores`
--

CREATE TABLE IF NOT EXISTS "colores" (
  "id" TEXT,
  
  "color" TEXT DEFAULT NULL,
  
  "codigo" TEXT DEFAULT NULL,
  
  "activo" INTEGER DEFAULT 1
);

INSERT INTO "colores" ("id", "color", "codigo") VALUES
('255b9fa1-668c-4dc3-8053-160095a222ff', 'Blanco', 'FFFFFF'),
('21d6252d-f6ce-4b98-8499-3154d1accc48', 'Negro', '000000'),
('f67b1fc7-fb55-43b1-8376-f744a8bf8080', 'Fuchsia', 'FF00FF'),
('78713a93-586b-4272-841a-e946e1fcba7d', 'Verde Agua', '00FFFF'),
('343214e2-c97d-4348-88af-11da5dea83cb', 'Guindo', '800000'),
('8c480b56-2b65-48f9-80a2-a84e94a13c67', 'Azul Electrico', '0000FF'),
('3a1d692e-fdeb-4b4d-88c2-6a42ce754891', 'Verde Botella', '006B3F'),
('07353561-b78c-4a07-8e3a-9b4e481f5bd5', 'Azul Marino', '000080'),
('7fa3b096-8c74-4558-8ba0-994c0fc0ad63', 'Amarillo', 'FFFF00'),
('df4a3d37-6be5-4683-87e8-e6c7a2128ded', 'Lila', 'D29BFD'),
('66355601-7b00-4c15-86fa-e845f70f45e6', 'Rojo', 'FF0000'),
('274c3c66-ee85-434d-8638-20b4b6cceed5', 'Rosado', 'FF69B4'),
('4337df07-9f92-49ec-81c7-711b0a407ea6', 'Rosado Bebe', 'FFB6C1'),
('5e12e3c6-ca87-410f-80df-c0cf8335fc78', 'Celeste', '00BFFF'),
('02a88225-69a7-4f39-8c7a-911d6861c8bf', 'Celeste Azulado', '6DACEF'),
('7f2df60b-54fa-469f-8c26-a140b865caf1', 'Palo De Rosa', 'D7A9A9'),
('fba3f96f-968c-403a-8f6e-8c76ff590d66', 'Perla', 'EAE0C8'),
('bd709f6f-feb6-4c7a-8792-f341dfeb7336', 'Rojo Sandia', 'FA2348'),
('0457937a-6d2a-4883-8240-a78487742db7', 'Palo De Rosa Oscuro', 'BA7B7C'),
('21e29a2b-92a0-4261-8e03-671afb9e0a6f', 'Verde Pistacho', '93C572'),
('bb04f04b-117c-40f5-8505-e707f2fc03a7', 'Melon', 'FDAD70'),
('8ca73726-8bc9-4693-8990-788531edfbfb', 'Dorado', 'F9DB5C'),
('93c4e343-76ef-4fee-8867-95006140e686', 'Marfil', 'FFFFE3'),
('9315098d-aa23-4bb2-8d80-1628d9526e71', 'Terracota', 'C9511D'),
('42cd0c00-ec90-4592-8d7d-cca98190cb66', 'Verde Esmeralda', '57BD9E'),
('7ec304ba-ef46-41ed-8522-987e982f5e2b', 'Verde Esmeralda Fuerte', '2CA880'),
('02c1b088-b394-4fec-883a-5324e3755130', 'Gris', 'AAAAAA'),
('bacf3e4f-97ef-4590-84ac-0fa910016ffb', 'Purpura', 'A1045A'),
('f8e7ccc3-5b19-4922-8ccb-5c9cc9222bc7', 'Barnie', '67032F'),
('a4cb4b63-18a6-434f-8648-3a7d0097cd39', 'Vino', '722F37'),
('63fee361-b8ef-4611-8ab4-f82f9f044553', 'Celestino', 'sin codigo'),
('00668601-5b96-45bf-8ce4-5fea03772fca', 'Verde Bandera', '008000'),
('0e686563-0087-467b-8938-1fd02b4adb89', 'Champan', 'F7E7CE '),
('1ae62e3b-b0b3-4941-8661-f035c0a78486', '#1', 'sin codigo'),
('23fa97f6-4b29-4e85-84f4-b3d60dcb23d1', '#2', 'sin codigo'),
('5edf9e18-b5e8-41f8-8cb6-f8a16ce90819', '#3', 'sin codigo'),
('f08a134f-7403-447d-8a56-747dbe4864b8', '#4', 'sin codigo'),
('3b855492-3f38-4163-8673-7c2e1be02d0f', '#5', 'sin codigo'),
('fd941212-a83b-4c9c-8911-aa8d2ba90e3d', '#6', 'sin codigo'),
('a4a2832f-a208-4912-8559-1b87c4d4f6a6', '#7', 'sin codigo');

-- --------------------------------------------------------

--
-- Estructura de tabla para la tabla `compras`
--

CREATE TABLE IF NOT EXISTS "compras" (
  "id" TEXT,
  
  "sucursal_id" TEXT DEFAULT NULL,
  
  "fecha" TEXT DEFAULT NULL,
  
  "total" REAL DEFAULT NULL,
  
  "total_gastos" REAL DEFAULT NULL
);

INSERT INTO "compras" ("id", "sucursal_id", "fecha", "total", "total_gastos") VALUES
('259b2ff4-43bf-4f81-8535-e2de68498293', '13572aa6-9d35-4689-8da4-1dee7c9111f0', '2025-09-10', 0.00, 0.00),
('037c9d4b-3a16-4dfd-869b-4e64c1d12e65', '13572aa6-9d35-4689-8da4-1dee7c9111f0', '2025-09-19', 0.00, 0.00),
('c8d7859f-261f-4607-878b-5ffc18794bc4', '13572aa6-9d35-4689-8da4-1dee7c9111f0', '2025-09-19', 0.00, 0.00),
('20eac006-63bf-45fd-851d-8e0376d7d1fc', '13572aa6-9d35-4689-8da4-1dee7c9111f0', '2025-09-20', 0.00, 0.00),
('11a1352e-ebc9-4e6f-866d-d1ece25b2005', '13572aa6-9d35-4689-8da4-1dee7c9111f0', '2025-09-20', 0.00, 0.00),
('c397887a-f05e-4981-85de-2727512b7e08', '13572aa6-9d35-4689-8da4-1dee7c9111f0', '2025-09-22', 0.00, 0.00),
('91b51ee3-cb68-44c0-8723-6c4d44cd72c2', '13572aa6-9d35-4689-8da4-1dee7c9111f0', '2025-09-29', 0.00, 0.00),
('831e114a-1c8a-48d1-8566-6f4c5997b069', '13572aa6-9d35-4689-8da4-1dee7c9111f0', '2025-10-01', 0.00, 0.00),
('1772008f-e1bc-46ae-8004-1912b98fe440', '13572aa6-9d35-4689-8da4-1dee7c9111f0', '2025-10-01', 0.00, 0.00),
('11260ea7-2353-46a5-8d3a-eeac448b68c7', '13572aa6-9d35-4689-8da4-1dee7c9111f0', '2025-10-02', 0.00, 0.00),
('cb219b37-6246-4bfa-8c08-ec28a48b8802', '13572aa6-9d35-4689-8da4-1dee7c9111f0', '2025-10-06', 0.00, 0.00),
('32dc54cc-a162-42e3-883c-2c10ba7477ed', '13572aa6-9d35-4689-8da4-1dee7c9111f0', '2025-10-09', 0.00, 0.00),
('1b67c297-5ebc-4b26-8a77-df7ac628ceff', '13572aa6-9d35-4689-8da4-1dee7c9111f0', '2025-10-17', 0.00, 0.00),
('620de505-a5d1-439e-8888-9af80c63d9eb', '13572aa6-9d35-4689-8da4-1dee7c9111f0', '2025-10-17', 0.00, 0.00),
('beb0b18d-1b9e-4a91-839a-bf0ffaa30f83', '13572aa6-9d35-4689-8da4-1dee7c9111f0', '2025-10-23', 0.00, 0.00),
('f95ffe09-c425-46fe-81df-f96406bd1f7f', '13572aa6-9d35-4689-8da4-1dee7c9111f0', '2025-10-27', 0.00, 0.00),
('343e4a1c-9ae4-4feb-8d3a-1784a557a164', '13572aa6-9d35-4689-8da4-1dee7c9111f0', '2025-11-07', 0.00, 0.00),
('2d3ea321-cb21-45ef-8363-1f078dc7e205', '13572aa6-9d35-4689-8da4-1dee7c9111f0', '2026-01-13', 0.00, 0.00);

-- --------------------------------------------------------

--
-- Estructura de tabla para la tabla `compra_producto`
--

CREATE TABLE IF NOT EXISTS "compra_producto" (
  "compra_id" TEXT,
  
  "producto_id" TEXT,
  
  "color_id" TEXT,
  
  "cantidad" REAL DEFAULT NULL,
  
  "precio" REAL DEFAULT NULL,
  
  "subtotal" REAL DEFAULT NULL
);

INSERT INTO "compra_producto" ("compra_id", "producto_id", "color_id", "cantidad", "precio", "subtotal") VALUES
('259b2ff4-43bf-4f81-8535-e2de68498293', 'a4f6e4b3-3edb-4144-8bf2-739f373262c5', '255b9fa1-668c-4dc3-8053-160095a222ff', 10.00, 0.00, 0.00),
('259b2ff4-43bf-4f81-8535-e2de68498293', 'a4f6e4b3-3edb-4144-8bf2-739f373262c5', '21d6252d-f6ce-4b98-8499-3154d1accc48', 5.00, 0.00, 0.00),
('259b2ff4-43bf-4f81-8535-e2de68498293', 'a4f6e4b3-3edb-4144-8bf2-739f373262c5', 'f67b1fc7-fb55-43b1-8376-f744a8bf8080', 14.00, 0.00, 0.00),
('259b2ff4-43bf-4f81-8535-e2de68498293', 'a4f6e4b3-3edb-4144-8bf2-739f373262c5', '78713a93-586b-4272-841a-e946e1fcba7d', 10.00, 0.00, 0.00),
('259b2ff4-43bf-4f81-8535-e2de68498293', 'a4f6e4b3-3edb-4144-8bf2-739f373262c5', '343214e2-c97d-4348-88af-11da5dea83cb', 29.00, 0.00, 0.00),
('259b2ff4-43bf-4f81-8535-e2de68498293', 'a4f6e4b3-3edb-4144-8bf2-739f373262c5', '8c480b56-2b65-48f9-80a2-a84e94a13c67', 11.00, 0.00, 0.00),
('259b2ff4-43bf-4f81-8535-e2de68498293', 'a4f6e4b3-3edb-4144-8bf2-739f373262c5', '3a1d692e-fdeb-4b4d-88c2-6a42ce754891', 9.00, 0.00, 0.00),
('259b2ff4-43bf-4f81-8535-e2de68498293', 'a4f6e4b3-3edb-4144-8bf2-739f373262c5', '07353561-b78c-4a07-8e3a-9b4e481f5bd5', 7.00, 0.00, 0.00),
('259b2ff4-43bf-4f81-8535-e2de68498293', 'a4f6e4b3-3edb-4144-8bf2-739f373262c5', '7fa3b096-8c74-4558-8ba0-994c0fc0ad63', 5.00, 0.00, 0.00),
('259b2ff4-43bf-4f81-8535-e2de68498293', 'a4f6e4b3-3edb-4144-8bf2-739f373262c5', 'df4a3d37-6be5-4683-87e8-e6c7a2128ded', 5.00, 0.00, 0.00),
('259b2ff4-43bf-4f81-8535-e2de68498293', 'a4f6e4b3-3edb-4144-8bf2-739f373262c5', '66355601-7b00-4c15-86fa-e845f70f45e6', 4.00, 0.00, 0.00),
('259b2ff4-43bf-4f81-8535-e2de68498293', 'a4f6e4b3-3edb-4144-8bf2-739f373262c5', '274c3c66-ee85-434d-8638-20b4b6cceed5', 2.00, 0.00, 0.00),
('259b2ff4-43bf-4f81-8535-e2de68498293', 'a4f6e4b3-3edb-4144-8bf2-739f373262c5', '4337df07-9f92-49ec-81c7-711b0a407ea6', 3.00, 0.00, 0.00),
('259b2ff4-43bf-4f81-8535-e2de68498293', 'a4f6e4b3-3edb-4144-8bf2-739f373262c5', '5e12e3c6-ca87-410f-80df-c0cf8335fc78', 1.00, 0.00, 0.00),
('259b2ff4-43bf-4f81-8535-e2de68498293', 'a4f6e4b3-3edb-4144-8bf2-739f373262c5', '02a88225-69a7-4f39-8c7a-911d6861c8bf', 2.00, 0.00, 0.00),
('259b2ff4-43bf-4f81-8535-e2de68498293', 'a4f6e4b3-3edb-4144-8bf2-739f373262c5', '7f2df60b-54fa-469f-8c26-a140b865caf1', 2.00, 0.00, 0.00),
('259b2ff4-43bf-4f81-8535-e2de68498293', 'a4f6e4b3-3edb-4144-8bf2-739f373262c5', 'bd709f6f-feb6-4c7a-8792-f341dfeb7336', 1.00, 0.00, 0.00),
('259b2ff4-43bf-4f81-8535-e2de68498293', 'a4f6e4b3-3edb-4144-8bf2-739f373262c5', '0457937a-6d2a-4883-8240-a78487742db7', 1.00, 0.00, 0.00),
('259b2ff4-43bf-4f81-8535-e2de68498293', '1a47f555-ee94-4d42-8213-ad2f16f7e383', '21e29a2b-92a0-4261-8e03-671afb9e0a6f', 1.00, 0.00, 0.00),
('259b2ff4-43bf-4f81-8535-e2de68498293', 'f98e9e99-0201-45b1-8f0d-fcc6e947ad47', '255b9fa1-668c-4dc3-8053-160095a222ff', 7.00, 0.00, 0.00),
('259b2ff4-43bf-4f81-8535-e2de68498293', 'f98e9e99-0201-45b1-8f0d-fcc6e947ad47', '21d6252d-f6ce-4b98-8499-3154d1accc48', 9.00, 0.00, 0.00),
('259b2ff4-43bf-4f81-8535-e2de68498293', 'f98e9e99-0201-45b1-8f0d-fcc6e947ad47', 'f67b1fc7-fb55-43b1-8376-f744a8bf8080', 21.00, 0.00, 0.00),
('259b2ff4-43bf-4f81-8535-e2de68498293', 'f98e9e99-0201-45b1-8f0d-fcc6e947ad47', '78713a93-586b-4272-841a-e946e1fcba7d', 2.00, 0.00, 0.00),
('259b2ff4-43bf-4f81-8535-e2de68498293', 'f98e9e99-0201-45b1-8f0d-fcc6e947ad47', '343214e2-c97d-4348-88af-11da5dea83cb', 15.00, 0.00, 0.00),
('259b2ff4-43bf-4f81-8535-e2de68498293', 'f98e9e99-0201-45b1-8f0d-fcc6e947ad47', '8c480b56-2b65-48f9-80a2-a84e94a13c67', 4.00, 0.00, 0.00),
('259b2ff4-43bf-4f81-8535-e2de68498293', 'f98e9e99-0201-45b1-8f0d-fcc6e947ad47', '7fa3b096-8c74-4558-8ba0-994c0fc0ad63', 4.00, 0.00, 0.00),
('259b2ff4-43bf-4f81-8535-e2de68498293', 'f98e9e99-0201-45b1-8f0d-fcc6e947ad47', 'df4a3d37-6be5-4683-87e8-e6c7a2128ded', 8.00, 0.00, 0.00),
('259b2ff4-43bf-4f81-8535-e2de68498293', 'f98e9e99-0201-45b1-8f0d-fcc6e947ad47', '66355601-7b00-4c15-86fa-e845f70f45e6', 3.00, 0.00, 0.00),
('259b2ff4-43bf-4f81-8535-e2de68498293', 'f98e9e99-0201-45b1-8f0d-fcc6e947ad47', '5e12e3c6-ca87-410f-80df-c0cf8335fc78', 10.00, 0.00, 0.00),
('259b2ff4-43bf-4f81-8535-e2de68498293', 'f98e9e99-0201-45b1-8f0d-fcc6e947ad47', '02a88225-69a7-4f39-8c7a-911d6861c8bf', 2.00, 0.00, 0.00),
('259b2ff4-43bf-4f81-8535-e2de68498293', 'f98e9e99-0201-45b1-8f0d-fcc6e947ad47', '7f2df60b-54fa-469f-8c26-a140b865caf1', 3.00, 0.00, 0.00),
('259b2ff4-43bf-4f81-8535-e2de68498293', 'f98e9e99-0201-45b1-8f0d-fcc6e947ad47', 'fba3f96f-968c-403a-8f6e-8c76ff590d66', 2.00, 0.00, 0.00),
('259b2ff4-43bf-4f81-8535-e2de68498293', 'f98e9e99-0201-45b1-8f0d-fcc6e947ad47', 'bb04f04b-117c-40f5-8505-e707f2fc03a7', 10.00, 0.00, 0.00),
('259b2ff4-43bf-4f81-8535-e2de68498293', 'f98e9e99-0201-45b1-8f0d-fcc6e947ad47', '93c4e343-76ef-4fee-8867-95006140e686', 4.00, 0.00, 0.00),
('259b2ff4-43bf-4f81-8535-e2de68498293', '90bcd68d-affa-4f6f-8f78-271f95c2be3b', '8ca73726-8bc9-4693-8990-788531edfbfb', 2.00, 0.00, 0.00),
('259b2ff4-43bf-4f81-8535-e2de68498293', '3f97d102-5bee-4419-8f8a-2fc59032ddd8', '255b9fa1-668c-4dc3-8053-160095a222ff', 8.00, 0.00, 0.00),
('259b2ff4-43bf-4f81-8535-e2de68498293', '3f97d102-5bee-4419-8f8a-2fc59032ddd8', '21d6252d-f6ce-4b98-8499-3154d1accc48', 2.00, 0.00, 0.00),
('259b2ff4-43bf-4f81-8535-e2de68498293', '3f97d102-5bee-4419-8f8a-2fc59032ddd8', 'f67b1fc7-fb55-43b1-8376-f744a8bf8080', 16.00, 0.00, 0.00),
('259b2ff4-43bf-4f81-8535-e2de68498293', '3f97d102-5bee-4419-8f8a-2fc59032ddd8', '78713a93-586b-4272-841a-e946e1fcba7d', 1.00, 0.00, 0.00),
('259b2ff4-43bf-4f81-8535-e2de68498293', '3f97d102-5bee-4419-8f8a-2fc59032ddd8', '343214e2-c97d-4348-88af-11da5dea83cb', 2.00, 0.00, 0.00),
('259b2ff4-43bf-4f81-8535-e2de68498293', '3f97d102-5bee-4419-8f8a-2fc59032ddd8', '8c480b56-2b65-48f9-80a2-a84e94a13c67', 1.00, 0.00, 0.00),
('259b2ff4-43bf-4f81-8535-e2de68498293', '3f97d102-5bee-4419-8f8a-2fc59032ddd8', '3a1d692e-fdeb-4b4d-88c2-6a42ce754891', 8.00, 0.00, 0.00),
('259b2ff4-43bf-4f81-8535-e2de68498293', '3f97d102-5bee-4419-8f8a-2fc59032ddd8', '07353561-b78c-4a07-8e3a-9b4e481f5bd5', 3.00, 0.00, 0.00),
('259b2ff4-43bf-4f81-8535-e2de68498293', '3f97d102-5bee-4419-8f8a-2fc59032ddd8', '7fa3b096-8c74-4558-8ba0-994c0fc0ad63', 6.00, 0.00, 0.00),
('259b2ff4-43bf-4f81-8535-e2de68498293', '3f97d102-5bee-4419-8f8a-2fc59032ddd8', 'df4a3d37-6be5-4683-87e8-e6c7a2128ded', 5.00, 0.00, 0.00),
('259b2ff4-43bf-4f81-8535-e2de68498293', '3f97d102-5bee-4419-8f8a-2fc59032ddd8', '66355601-7b00-4c15-86fa-e845f70f45e6', 5.00, 0.00, 0.00),
('259b2ff4-43bf-4f81-8535-e2de68498293', '3f97d102-5bee-4419-8f8a-2fc59032ddd8', '5e12e3c6-ca87-410f-80df-c0cf8335fc78', 5.00, 0.00, 0.00),
('259b2ff4-43bf-4f81-8535-e2de68498293', '3f97d102-5bee-4419-8f8a-2fc59032ddd8', 'fba3f96f-968c-403a-8f6e-8c76ff590d66', 3.00, 0.00, 0.00),
('259b2ff4-43bf-4f81-8535-e2de68498293', '3f97d102-5bee-4419-8f8a-2fc59032ddd8', '0457937a-6d2a-4883-8240-a78487742db7', 1.00, 0.00, 0.00),
('259b2ff4-43bf-4f81-8535-e2de68498293', '3f97d102-5bee-4419-8f8a-2fc59032ddd8', '21e29a2b-92a0-4261-8e03-671afb9e0a6f', 1.00, 0.00, 0.00),
('259b2ff4-43bf-4f81-8535-e2de68498293', '3f97d102-5bee-4419-8f8a-2fc59032ddd8', 'bb04f04b-117c-40f5-8505-e707f2fc03a7', 8.00, 0.00, 0.00),
('259b2ff4-43bf-4f81-8535-e2de68498293', '3f97d102-5bee-4419-8f8a-2fc59032ddd8', '8ca73726-8bc9-4693-8990-788531edfbfb', 5.00, 0.00, 0.00),
('259b2ff4-43bf-4f81-8535-e2de68498293', '3f97d102-5bee-4419-8f8a-2fc59032ddd8', '93c4e343-76ef-4fee-8867-95006140e686', 9.00, 0.00, 0.00),
('259b2ff4-43bf-4f81-8535-e2de68498293', '3f97d102-5bee-4419-8f8a-2fc59032ddd8', '9315098d-aa23-4bb2-8d80-1628d9526e71', 5.00, 0.00, 0.00),
('259b2ff4-43bf-4f81-8535-e2de68498293', '3f97d102-5bee-4419-8f8a-2fc59032ddd8', '42cd0c00-ec90-4592-8d7d-cca98190cb66', 2.00, 0.00, 0.00),
('259b2ff4-43bf-4f81-8535-e2de68498293', '3f97d102-5bee-4419-8f8a-2fc59032ddd8', '7ec304ba-ef46-41ed-8522-987e982f5e2b', 1.00, 0.00, 0.00),
('259b2ff4-43bf-4f81-8535-e2de68498293', '3f97d102-5bee-4419-8f8a-2fc59032ddd8', '02c1b088-b394-4fec-883a-5324e3755130', 3.00, 0.00, 0.00),
('259b2ff4-43bf-4f81-8535-e2de68498293', '3f97d102-5bee-4419-8f8a-2fc59032ddd8', 'bacf3e4f-97ef-4590-84ac-0fa910016ffb', 1.00, 0.00, 0.00),
('259b2ff4-43bf-4f81-8535-e2de68498293', '3f97d102-5bee-4419-8f8a-2fc59032ddd8', 'f8e7ccc3-5b19-4922-8ccb-5c9cc9222bc7', 2.00, 0.00, 0.00),
('259b2ff4-43bf-4f81-8535-e2de68498293', '3f97d102-5bee-4419-8f8a-2fc59032ddd8', 'a4cb4b63-18a6-434f-8648-3a7d0097cd39', 1.00, 0.00, 0.00),
('037c9d4b-3a16-4dfd-869b-4e64c1d12e65', 'f98e9e99-0201-45b1-8f0d-fcc6e947ad47', '343214e2-c97d-4348-88af-11da5dea83cb', 1.00, 0.00, 0.00),
('037c9d4b-3a16-4dfd-869b-4e64c1d12e65', 'db81686a-a443-4f0f-80b0-11fd3990f842', '255b9fa1-668c-4dc3-8053-160095a222ff', 8.00, 0.00, 0.00),
('037c9d4b-3a16-4dfd-869b-4e64c1d12e65', 'db81686a-a443-4f0f-80b0-11fd3990f842', 'f67b1fc7-fb55-43b1-8376-f744a8bf8080', 3.00, 0.00, 0.00),
('037c9d4b-3a16-4dfd-869b-4e64c1d12e65', 'db81686a-a443-4f0f-80b0-11fd3990f842', '78713a93-586b-4272-841a-e946e1fcba7d', 2.00, 0.00, 0.00),
('037c9d4b-3a16-4dfd-869b-4e64c1d12e65', 'db81686a-a443-4f0f-80b0-11fd3990f842', '66355601-7b00-4c15-86fa-e845f70f45e6', 6.00, 0.00, 0.00),
('037c9d4b-3a16-4dfd-869b-4e64c1d12e65', 'db81686a-a443-4f0f-80b0-11fd3990f842', '4337df07-9f92-49ec-81c7-711b0a407ea6', 7.00, 0.00, 0.00),
('037c9d4b-3a16-4dfd-869b-4e64c1d12e65', 'db81686a-a443-4f0f-80b0-11fd3990f842', '7f2df60b-54fa-469f-8c26-a140b865caf1', 3.00, 0.00, 0.00),
('037c9d4b-3a16-4dfd-869b-4e64c1d12e65', 'f9ceaff1-2acb-4bcf-834f-f4d58629d53a', '255b9fa1-668c-4dc3-8053-160095a222ff', 10.00, 0.00, 0.00),
('037c9d4b-3a16-4dfd-869b-4e64c1d12e65', 'f9ceaff1-2acb-4bcf-834f-f4d58629d53a', '21d6252d-f6ce-4b98-8499-3154d1accc48', 10.00, 0.00, 0.00),
('037c9d4b-3a16-4dfd-869b-4e64c1d12e65', 'f9ceaff1-2acb-4bcf-834f-f4d58629d53a', 'f67b1fc7-fb55-43b1-8376-f744a8bf8080', 5.00, 0.00, 0.00),
('037c9d4b-3a16-4dfd-869b-4e64c1d12e65', 'f9ceaff1-2acb-4bcf-834f-f4d58629d53a', '3a1d692e-fdeb-4b4d-88c2-6a42ce754891', 1.00, 0.00, 0.00),
('037c9d4b-3a16-4dfd-869b-4e64c1d12e65', 'f9ceaff1-2acb-4bcf-834f-f4d58629d53a', '66355601-7b00-4c15-86fa-e845f70f45e6', 22.00, 0.00, 0.00),
('037c9d4b-3a16-4dfd-869b-4e64c1d12e65', 'f9ceaff1-2acb-4bcf-834f-f4d58629d53a', '274c3c66-ee85-434d-8638-20b4b6cceed5', 1.00, 0.00, 0.00),
('037c9d4b-3a16-4dfd-869b-4e64c1d12e65', 'f9ceaff1-2acb-4bcf-834f-f4d58629d53a', 'fba3f96f-968c-403a-8f6e-8c76ff590d66', 8.00, 0.00, 0.00),
('037c9d4b-3a16-4dfd-869b-4e64c1d12e65', '5d3d666a-283d-41c0-880c-8ea24f97ff97', '255b9fa1-668c-4dc3-8053-160095a222ff', 6.00, 0.00, 0.00),
('037c9d4b-3a16-4dfd-869b-4e64c1d12e65', '5d3d666a-283d-41c0-880c-8ea24f97ff97', 'f67b1fc7-fb55-43b1-8376-f744a8bf8080', 11.00, 0.00, 0.00),
('037c9d4b-3a16-4dfd-869b-4e64c1d12e65', '5d3d666a-283d-41c0-880c-8ea24f97ff97', '78713a93-586b-4272-841a-e946e1fcba7d', 20.80, 0.00, 0.00),
('037c9d4b-3a16-4dfd-869b-4e64c1d12e65', '5d3d666a-283d-41c0-880c-8ea24f97ff97', 'df4a3d37-6be5-4683-87e8-e6c7a2128ded', 1.00, 0.00, 0.00),
('037c9d4b-3a16-4dfd-869b-4e64c1d12e65', '5d3d666a-283d-41c0-880c-8ea24f97ff97', '274c3c66-ee85-434d-8638-20b4b6cceed5', 3.50, 0.00, 0.00),
('037c9d4b-3a16-4dfd-869b-4e64c1d12e65', '5d3d666a-283d-41c0-880c-8ea24f97ff97', '5e12e3c6-ca87-410f-80df-c0cf8335fc78', 4.00, 0.00, 0.00),
('037c9d4b-3a16-4dfd-869b-4e64c1d12e65', '5d3d666a-283d-41c0-880c-8ea24f97ff97', 'bb04f04b-117c-40f5-8505-e707f2fc03a7', 3.00, 0.00, 0.00),
('037c9d4b-3a16-4dfd-869b-4e64c1d12e65', '91be9991-b10e-4677-8579-cb916ed91577', '255b9fa1-668c-4dc3-8053-160095a222ff', 4.00, 0.00, 0.00),
('037c9d4b-3a16-4dfd-869b-4e64c1d12e65', '91be9991-b10e-4677-8579-cb916ed91577', 'f67b1fc7-fb55-43b1-8376-f744a8bf8080', 4.00, 0.00, 0.00),
('037c9d4b-3a16-4dfd-869b-4e64c1d12e65', '91be9991-b10e-4677-8579-cb916ed91577', '7fa3b096-8c74-4558-8ba0-994c0fc0ad63', 6.00, 0.00, 0.00),
('037c9d4b-3a16-4dfd-869b-4e64c1d12e65', '91be9991-b10e-4677-8579-cb916ed91577', '274c3c66-ee85-434d-8638-20b4b6cceed5', 8.00, 0.00, 0.00),
('037c9d4b-3a16-4dfd-869b-4e64c1d12e65', '91be9991-b10e-4677-8579-cb916ed91577', '5e12e3c6-ca87-410f-80df-c0cf8335fc78', 1.00, 0.00, 0.00),
('037c9d4b-3a16-4dfd-869b-4e64c1d12e65', '91be9991-b10e-4677-8579-cb916ed91577', '7f2df60b-54fa-469f-8c26-a140b865caf1', 5.00, 0.00, 0.00),
('037c9d4b-3a16-4dfd-869b-4e64c1d12e65', '91be9991-b10e-4677-8579-cb916ed91577', 'fba3f96f-968c-403a-8f6e-8c76ff590d66', 1.00, 0.00, 0.00),
('037c9d4b-3a16-4dfd-869b-4e64c1d12e65', '91be9991-b10e-4677-8579-cb916ed91577', 'bb04f04b-117c-40f5-8505-e707f2fc03a7', 7.00, 0.00, 0.00),
('c8d7859f-261f-4607-878b-5ffc18794bc4', 'a4f6e4b3-3edb-4144-8bf2-739f373262c5', '66355601-7b00-4c15-86fa-e845f70f45e6', 1.00, 0.00, 0.00),
('c8d7859f-261f-4607-878b-5ffc18794bc4', '3f97d102-5bee-4419-8f8a-2fc59032ddd8', 'df4a3d37-6be5-4683-87e8-e6c7a2128ded', 7.00, 0.00, 0.00),
('c8d7859f-261f-4607-878b-5ffc18794bc4', '3f97d102-5bee-4419-8f8a-2fc59032ddd8', '5e12e3c6-ca87-410f-80df-c0cf8335fc78', 1.00, 0.00, 0.00),
('20eac006-63bf-45fd-851d-8e0376d7d1fc', 'f98e9e99-0201-45b1-8f0d-fcc6e947ad47', '7f2df60b-54fa-469f-8c26-a140b865caf1', 1.00, 0.00, 0.00),
('11a1352e-ebc9-4e6f-866d-d1ece25b2005', 'a4f6e4b3-3edb-4144-8bf2-739f373262c5', '66355601-7b00-4c15-86fa-e845f70f45e6', 21.00, 0.00, 0.00),
('11a1352e-ebc9-4e6f-866d-d1ece25b2005', 'f98e9e99-0201-45b1-8f0d-fcc6e947ad47', '21d6252d-f6ce-4b98-8499-3154d1accc48', 3.00, 0.00, 0.00),
('11a1352e-ebc9-4e6f-866d-d1ece25b2005', 'f98e9e99-0201-45b1-8f0d-fcc6e947ad47', '343214e2-c97d-4348-88af-11da5dea83cb', 5.00, 0.00, 0.00),
('11a1352e-ebc9-4e6f-866d-d1ece25b2005', 'f98e9e99-0201-45b1-8f0d-fcc6e947ad47', '7fa3b096-8c74-4558-8ba0-994c0fc0ad63', 6.00, 0.00, 0.00),
('11a1352e-ebc9-4e6f-866d-d1ece25b2005', 'f98e9e99-0201-45b1-8f0d-fcc6e947ad47', 'bb04f04b-117c-40f5-8505-e707f2fc03a7', 14.00, 0.00, 0.00),
('11a1352e-ebc9-4e6f-866d-d1ece25b2005', 'db81686a-a443-4f0f-80b0-11fd3990f842', '4337df07-9f92-49ec-81c7-711b0a407ea6', 4.00, 0.00, 0.00),
('11a1352e-ebc9-4e6f-866d-d1ece25b2005', 'db81686a-a443-4f0f-80b0-11fd3990f842', '7f2df60b-54fa-469f-8c26-a140b865caf1', 2.00, 0.00, 0.00),
('c397887a-f05e-4981-85de-2727512b7e08', '3f97d102-5bee-4419-8f8a-2fc59032ddd8', 'fba3f96f-968c-403a-8f6e-8c76ff590d66', 11.00, 0.00, 0.00),
('91b51ee3-cb68-44c0-8723-6c4d44cd72c2', 'f98e9e99-0201-45b1-8f0d-fcc6e947ad47', 'f67b1fc7-fb55-43b1-8376-f744a8bf8080', 19.00, 0.00, 0.00),
('91b51ee3-cb68-44c0-8723-6c4d44cd72c2', '5d3d666a-283d-41c0-880c-8ea24f97ff97', '66355601-7b00-4c15-86fa-e845f70f45e6', 5.00, 0.00, 0.00),
('831e114a-1c8a-48d1-8566-6f4c5997b069', 'a4f6e4b3-3edb-4144-8bf2-739f373262c5', '274c3c66-ee85-434d-8638-20b4b6cceed5', 6.00, 0.00, 0.00),
('831e114a-1c8a-48d1-8566-6f4c5997b069', 'a4f6e4b3-3edb-4144-8bf2-739f373262c5', '5e12e3c6-ca87-410f-80df-c0cf8335fc78', 6.00, 0.00, 0.00),
('831e114a-1c8a-48d1-8566-6f4c5997b069', 'a4f6e4b3-3edb-4144-8bf2-739f373262c5', '7f2df60b-54fa-469f-8c26-a140b865caf1', 5.00, 0.00, 0.00),
('831e114a-1c8a-48d1-8566-6f4c5997b069', 'a4f6e4b3-3edb-4144-8bf2-739f373262c5', 'fba3f96f-968c-403a-8f6e-8c76ff590d66', 7.00, 0.00, 0.00),
('831e114a-1c8a-48d1-8566-6f4c5997b069', 'f98e9e99-0201-45b1-8f0d-fcc6e947ad47', '7f2df60b-54fa-469f-8c26-a140b865caf1', 6.00, 0.00, 0.00),
('831e114a-1c8a-48d1-8566-6f4c5997b069', '3f97d102-5bee-4419-8f8a-2fc59032ddd8', '8c480b56-2b65-48f9-80a2-a84e94a13c67', 5.00, 0.00, 0.00),
('831e114a-1c8a-48d1-8566-6f4c5997b069', '3f97d102-5bee-4419-8f8a-2fc59032ddd8', '5e12e3c6-ca87-410f-80df-c0cf8335fc78', 8.00, 0.00, 0.00),
('831e114a-1c8a-48d1-8566-6f4c5997b069', '3f97d102-5bee-4419-8f8a-2fc59032ddd8', '42cd0c00-ec90-4592-8d7d-cca98190cb66', 7.00, 0.00, 0.00),
('1772008f-e1bc-46ae-8004-1912b98fe440', 'f98e9e99-0201-45b1-8f0d-fcc6e947ad47', '274c3c66-ee85-434d-8638-20b4b6cceed5', 5.00, 0.00, 0.00),
('11260ea7-2353-46a5-8d3a-eeac448b68c7', '91be9991-b10e-4677-8579-cb916ed91577', 'df4a3d37-6be5-4683-87e8-e6c7a2128ded', 27.00, 0.00, 0.00),
('cb219b37-6246-4bfa-8c08-ec28a48b8802', 'f98e9e99-0201-45b1-8f0d-fcc6e947ad47', '66355601-7b00-4c15-86fa-e845f70f45e6', 6.00, 0.00, 0.00),
('cb219b37-6246-4bfa-8c08-ec28a48b8802', '5d3d666a-283d-41c0-880c-8ea24f97ff97', '66355601-7b00-4c15-86fa-e845f70f45e6', 12.00, 0.00, 0.00),
('cb219b37-6246-4bfa-8c08-ec28a48b8802', '39ec6c1f-e734-42bf-8a83-a46839fd286f', '8ca73726-8bc9-4693-8990-788531edfbfb', 5.00, 0.00, 0.00),
('32dc54cc-a162-42e3-883c-2c10ba7477ed', '5d3d666a-283d-41c0-880c-8ea24f97ff97', '66355601-7b00-4c15-86fa-e845f70f45e6', 8.00, 0.00, 0.00),
('1b67c297-5ebc-4b26-8a77-df7ac628ceff', '5d3d666a-283d-41c0-880c-8ea24f97ff97', '66355601-7b00-4c15-86fa-e845f70f45e6', 17.00, 0.00, 0.00),
('1b67c297-5ebc-4b26-8a77-df7ac628ceff', '91be9991-b10e-4677-8579-cb916ed91577', 'df4a3d37-6be5-4683-87e8-e6c7a2128ded', 12.00, 0.00, 0.00),
('620de505-a5d1-439e-8888-9af80c63d9eb', 'f98e9e99-0201-45b1-8f0d-fcc6e947ad47', 'f67b1fc7-fb55-43b1-8376-f744a8bf8080', 11.00, 0.00, 0.00),
('beb0b18d-1b9e-4a91-839a-bf0ffaa30f83', 'f98e9e99-0201-45b1-8f0d-fcc6e947ad47', 'f67b1fc7-fb55-43b1-8376-f744a8bf8080', 19.00, 0.00, 0.00),
('beb0b18d-1b9e-4a91-839a-bf0ffaa30f83', '3f97d102-5bee-4419-8f8a-2fc59032ddd8', '7fa3b096-8c74-4558-8ba0-994c0fc0ad63', 4.00, 0.00, 0.00),
('beb0b18d-1b9e-4a91-839a-bf0ffaa30f83', '3f97d102-5bee-4419-8f8a-2fc59032ddd8', '21e29a2b-92a0-4261-8e03-671afb9e0a6f', 5.00, 0.00, 0.00),
('beb0b18d-1b9e-4a91-839a-bf0ffaa30f83', '3f97d102-5bee-4419-8f8a-2fc59032ddd8', '0e686563-0087-467b-8938-1fd02b4adb89', 5.00, 0.00, 0.00),
('f95ffe09-c425-46fe-81df-f96406bd1f7f', 'f98e9e99-0201-45b1-8f0d-fcc6e947ad47', 'f67b1fc7-fb55-43b1-8376-f744a8bf8080', 10.00, 0.00, 0.00),
('f95ffe09-c425-46fe-81df-f96406bd1f7f', '3f97d102-5bee-4419-8f8a-2fc59032ddd8', '274c3c66-ee85-434d-8638-20b4b6cceed5', 6.00, 0.00, 0.00),
('f95ffe09-c425-46fe-81df-f96406bd1f7f', 'c45f9a69-1fed-47b5-8d18-efe08f5029d5', '8ca73726-8bc9-4693-8990-788531edfbfb', 16.00, 0.00, 0.00),
('f95ffe09-c425-46fe-81df-f96406bd1f7f', 'aed3832f-f1e4-4976-8d6d-0098f64e3427', 'f67b1fc7-fb55-43b1-8376-f744a8bf8080', 3.00, 0.00, 0.00),
('f95ffe09-c425-46fe-81df-f96406bd1f7f', 'aed3832f-f1e4-4976-8d6d-0098f64e3427', '7fa3b096-8c74-4558-8ba0-994c0fc0ad63', 2.00, 0.00, 0.00),
('f95ffe09-c425-46fe-81df-f96406bd1f7f', 'aed3832f-f1e4-4976-8d6d-0098f64e3427', '66355601-7b00-4c15-86fa-e845f70f45e6', 1.00, 0.00, 0.00),
('f95ffe09-c425-46fe-81df-f96406bd1f7f', 'aed3832f-f1e4-4976-8d6d-0098f64e3427', '21e29a2b-92a0-4261-8e03-671afb9e0a6f', 1.00, 0.00, 0.00),
('f95ffe09-c425-46fe-81df-f96406bd1f7f', 'aed3832f-f1e4-4976-8d6d-0098f64e3427', '02c1b088-b394-4fec-883a-5324e3755130', 2.00, 0.00, 0.00),
('343e4a1c-9ae4-4feb-8d3a-1784a557a164', '91be9991-b10e-4677-8579-cb916ed91577', 'df4a3d37-6be5-4683-87e8-e6c7a2128ded', 30.00, 0.00, 0.00),
('2d3ea321-cb21-45ef-8363-1f078dc7e205', '3f97d102-5bee-4419-8f8a-2fc59032ddd8', '274c3c66-ee85-434d-8638-20b4b6cceed5', 4.00, 0.00, 0.00),
('2d3ea321-cb21-45ef-8363-1f078dc7e205', '3f97d102-5bee-4419-8f8a-2fc59032ddd8', '7f2df60b-54fa-469f-8c26-a140b865caf1', 6.00, 0.00, 0.00),
('2d3ea321-cb21-45ef-8363-1f078dc7e205', '3f97d102-5bee-4419-8f8a-2fc59032ddd8', 'fba3f96f-968c-403a-8f6e-8c76ff590d66', 7.00, 0.00, 0.00),
('2d3ea321-cb21-45ef-8363-1f078dc7e205', '3f97d102-5bee-4419-8f8a-2fc59032ddd8', '21e29a2b-92a0-4261-8e03-671afb9e0a6f', 7.00, 0.00, 0.00),
('2d3ea321-cb21-45ef-8363-1f078dc7e205', '3f97d102-5bee-4419-8f8a-2fc59032ddd8', '93c4e343-76ef-4fee-8867-95006140e686', 3.00, 0.00, 0.00),
('2d3ea321-cb21-45ef-8363-1f078dc7e205', '3f97d102-5bee-4419-8f8a-2fc59032ddd8', '42cd0c00-ec90-4592-8d7d-cca98190cb66', 7.00, 0.00, 0.00),
('2d3ea321-cb21-45ef-8363-1f078dc7e205', 'aed3832f-f1e4-4976-8d6d-0098f64e3427', 'df4a3d37-6be5-4683-87e8-e6c7a2128ded', 4.00, 0.00, 0.00),
('2d3ea321-cb21-45ef-8363-1f078dc7e205', 'aed3832f-f1e4-4976-8d6d-0098f64e3427', '5e12e3c6-ca87-410f-80df-c0cf8335fc78', 1.00, 0.00, 0.00),
('2d3ea321-cb21-45ef-8363-1f078dc7e205', 'aed3832f-f1e4-4976-8d6d-0098f64e3427', '7f2df60b-54fa-469f-8c26-a140b865caf1', 3.00, 0.00, 0.00);

-- --------------------------------------------------------

--
-- Estructura de tabla para la tabla `gastos`
--

CREATE TABLE IF NOT EXISTS "gastos" (
  "tipo_gasto_id" TEXT,
  
  "compra_id" TEXT,
  
  "gasto" REAL DEFAULT NULL
);

-- --------------------------------------------------------

--
-- Estructura de tabla para la tabla `inventario`
--

CREATE TABLE IF NOT EXISTS "inventario" (
  "sucursal_id" TEXT,
  
  "producto_id" TEXT,
  
  "color_id" TEXT,
  
  "stock" REAL DEFAULT 0.00
);

INSERT INTO "inventario" ("sucursal_id", "producto_id", "color_id", "stock") VALUES
('13572aa6-9d35-4689-8da4-1dee7c9111f0', 'a4f6e4b3-3edb-4144-8bf2-739f373262c5', '255b9fa1-668c-4dc3-8053-160095a222ff', 9.00),
('13572aa6-9d35-4689-8da4-1dee7c9111f0', 'a4f6e4b3-3edb-4144-8bf2-739f373262c5', '21d6252d-f6ce-4b98-8499-3154d1accc48', 5.00),
('13572aa6-9d35-4689-8da4-1dee7c9111f0', 'a4f6e4b3-3edb-4144-8bf2-739f373262c5', 'f67b1fc7-fb55-43b1-8376-f744a8bf8080', 14.00),
('13572aa6-9d35-4689-8da4-1dee7c9111f0', 'a4f6e4b3-3edb-4144-8bf2-739f373262c5', '78713a93-586b-4272-841a-e946e1fcba7d', 9.00),
('13572aa6-9d35-4689-8da4-1dee7c9111f0', 'a4f6e4b3-3edb-4144-8bf2-739f373262c5', '343214e2-c97d-4348-88af-11da5dea83cb', 29.00),
('13572aa6-9d35-4689-8da4-1dee7c9111f0', 'a4f6e4b3-3edb-4144-8bf2-739f373262c5', '8c480b56-2b65-48f9-80a2-a84e94a13c67', 11.00),
('13572aa6-9d35-4689-8da4-1dee7c9111f0', 'a4f6e4b3-3edb-4144-8bf2-739f373262c5', '3a1d692e-fdeb-4b4d-88c2-6a42ce754891', 9.00),
('13572aa6-9d35-4689-8da4-1dee7c9111f0', 'a4f6e4b3-3edb-4144-8bf2-739f373262c5', '07353561-b78c-4a07-8e3a-9b4e481f5bd5', 6.00),
('13572aa6-9d35-4689-8da4-1dee7c9111f0', 'a4f6e4b3-3edb-4144-8bf2-739f373262c5', '7fa3b096-8c74-4558-8ba0-994c0fc0ad63', 4.00),
('13572aa6-9d35-4689-8da4-1dee7c9111f0', 'a4f6e4b3-3edb-4144-8bf2-739f373262c5', 'df4a3d37-6be5-4683-87e8-e6c7a2128ded', 4.00),
('13572aa6-9d35-4689-8da4-1dee7c9111f0', 'a4f6e4b3-3edb-4144-8bf2-739f373262c5', '66355601-7b00-4c15-86fa-e845f70f45e6', 25.00),
('13572aa6-9d35-4689-8da4-1dee7c9111f0', 'a4f6e4b3-3edb-4144-8bf2-739f373262c5', '274c3c66-ee85-434d-8638-20b4b6cceed5', 5.00),
('13572aa6-9d35-4689-8da4-1dee7c9111f0', 'a4f6e4b3-3edb-4144-8bf2-739f373262c5', '4337df07-9f92-49ec-81c7-711b0a407ea6', 0.00),
('13572aa6-9d35-4689-8da4-1dee7c9111f0', 'a4f6e4b3-3edb-4144-8bf2-739f373262c5', '5e12e3c6-ca87-410f-80df-c0cf8335fc78', 6.00),
('13572aa6-9d35-4689-8da4-1dee7c9111f0', 'a4f6e4b3-3edb-4144-8bf2-739f373262c5', '02a88225-69a7-4f39-8c7a-911d6861c8bf', 2.00),
('13572aa6-9d35-4689-8da4-1dee7c9111f0', 'a4f6e4b3-3edb-4144-8bf2-739f373262c5', '7f2df60b-54fa-469f-8c26-a140b865caf1', 6.00),
('13572aa6-9d35-4689-8da4-1dee7c9111f0', 'a4f6e4b3-3edb-4144-8bf2-739f373262c5', 'fba3f96f-968c-403a-8f6e-8c76ff590d66', 7.00),
('13572aa6-9d35-4689-8da4-1dee7c9111f0', 'a4f6e4b3-3edb-4144-8bf2-739f373262c5', 'bd709f6f-feb6-4c7a-8792-f341dfeb7336', 1.00),
('13572aa6-9d35-4689-8da4-1dee7c9111f0', 'a4f6e4b3-3edb-4144-8bf2-739f373262c5', '0457937a-6d2a-4883-8240-a78487742db7', 1.00),
('13572aa6-9d35-4689-8da4-1dee7c9111f0', '1a47f555-ee94-4d42-8213-ad2f16f7e383', '21e29a2b-92a0-4261-8e03-671afb9e0a6f', 1.00),
('13572aa6-9d35-4689-8da4-1dee7c9111f0', 'f98e9e99-0201-45b1-8f0d-fcc6e947ad47', '255b9fa1-668c-4dc3-8053-160095a222ff', 6.00),
('13572aa6-9d35-4689-8da4-1dee7c9111f0', 'f98e9e99-0201-45b1-8f0d-fcc6e947ad47', '21d6252d-f6ce-4b98-8499-3154d1accc48', 12.00),
('13572aa6-9d35-4689-8da4-1dee7c9111f0', 'f98e9e99-0201-45b1-8f0d-fcc6e947ad47', 'f67b1fc7-fb55-43b1-8376-f744a8bf8080', 79.00),
('13572aa6-9d35-4689-8da4-1dee7c9111f0', 'f98e9e99-0201-45b1-8f0d-fcc6e947ad47', '78713a93-586b-4272-841a-e946e1fcba7d', 2.00),
('13572aa6-9d35-4689-8da4-1dee7c9111f0', 'f98e9e99-0201-45b1-8f0d-fcc6e947ad47', '343214e2-c97d-4348-88af-11da5dea83cb', 21.00),
('13572aa6-9d35-4689-8da4-1dee7c9111f0', 'f98e9e99-0201-45b1-8f0d-fcc6e947ad47', '8c480b56-2b65-48f9-80a2-a84e94a13c67', 4.00),
('13572aa6-9d35-4689-8da4-1dee7c9111f0', 'f98e9e99-0201-45b1-8f0d-fcc6e947ad47', '7fa3b096-8c74-4558-8ba0-994c0fc0ad63', 10.00),
('13572aa6-9d35-4689-8da4-1dee7c9111f0', 'f98e9e99-0201-45b1-8f0d-fcc6e947ad47', 'df4a3d37-6be5-4683-87e8-e6c7a2128ded', 8.00),
('13572aa6-9d35-4689-8da4-1dee7c9111f0', 'f98e9e99-0201-45b1-8f0d-fcc6e947ad47', '66355601-7b00-4c15-86fa-e845f70f45e6', 6.00),
('13572aa6-9d35-4689-8da4-1dee7c9111f0', 'f98e9e99-0201-45b1-8f0d-fcc6e947ad47', '274c3c66-ee85-434d-8638-20b4b6cceed5', 4.00),
('13572aa6-9d35-4689-8da4-1dee7c9111f0', 'f98e9e99-0201-45b1-8f0d-fcc6e947ad47', '5e12e3c6-ca87-410f-80df-c0cf8335fc78', 10.00),
('13572aa6-9d35-4689-8da4-1dee7c9111f0', 'f98e9e99-0201-45b1-8f0d-fcc6e947ad47', '02a88225-69a7-4f39-8c7a-911d6861c8bf', 0.00),
('13572aa6-9d35-4689-8da4-1dee7c9111f0', 'f98e9e99-0201-45b1-8f0d-fcc6e947ad47', '7f2df60b-54fa-469f-8c26-a140b865caf1', 6.00),
('13572aa6-9d35-4689-8da4-1dee7c9111f0', 'f98e9e99-0201-45b1-8f0d-fcc6e947ad47', 'fba3f96f-968c-403a-8f6e-8c76ff590d66', 2.00),
('13572aa6-9d35-4689-8da4-1dee7c9111f0', 'f98e9e99-0201-45b1-8f0d-fcc6e947ad47', 'bb04f04b-117c-40f5-8505-e707f2fc03a7', 24.00),
('13572aa6-9d35-4689-8da4-1dee7c9111f0', 'f98e9e99-0201-45b1-8f0d-fcc6e947ad47', '93c4e343-76ef-4fee-8867-95006140e686', 4.00),
('13572aa6-9d35-4689-8da4-1dee7c9111f0', '90bcd68d-affa-4f6f-8f78-271f95c2be3b', '8ca73726-8bc9-4693-8990-788531edfbfb', 0.00),
('13572aa6-9d35-4689-8da4-1dee7c9111f0', '3f97d102-5bee-4419-8f8a-2fc59032ddd8', '255b9fa1-668c-4dc3-8053-160095a222ff', 4.00),
('13572aa6-9d35-4689-8da4-1dee7c9111f0', '3f97d102-5bee-4419-8f8a-2fc59032ddd8', '21d6252d-f6ce-4b98-8499-3154d1accc48', 1.00),
('13572aa6-9d35-4689-8da4-1dee7c9111f0', '3f97d102-5bee-4419-8f8a-2fc59032ddd8', 'f67b1fc7-fb55-43b1-8376-f744a8bf8080', 4.00),
('13572aa6-9d35-4689-8da4-1dee7c9111f0', '3f97d102-5bee-4419-8f8a-2fc59032ddd8', '78713a93-586b-4272-841a-e946e1fcba7d', 0.00),
('13572aa6-9d35-4689-8da4-1dee7c9111f0', '3f97d102-5bee-4419-8f8a-2fc59032ddd8', '343214e2-c97d-4348-88af-11da5dea83cb', 0.00),
('13572aa6-9d35-4689-8da4-1dee7c9111f0', '3f97d102-5bee-4419-8f8a-2fc59032ddd8', '8c480b56-2b65-48f9-80a2-a84e94a13c67', 0.00),
('13572aa6-9d35-4689-8da4-1dee7c9111f0', '3f97d102-5bee-4419-8f8a-2fc59032ddd8', '3a1d692e-fdeb-4b4d-88c2-6a42ce754891', 2.00),
('13572aa6-9d35-4689-8da4-1dee7c9111f0', '3f97d102-5bee-4419-8f8a-2fc59032ddd8', '07353561-b78c-4a07-8e3a-9b4e481f5bd5', 0.00),
('13572aa6-9d35-4689-8da4-1dee7c9111f0', '3f97d102-5bee-4419-8f8a-2fc59032ddd8', '7fa3b096-8c74-4558-8ba0-994c0fc0ad63', 4.00),
('13572aa6-9d35-4689-8da4-1dee7c9111f0', '3f97d102-5bee-4419-8f8a-2fc59032ddd8', 'df4a3d37-6be5-4683-87e8-e6c7a2128ded', 0.00),
('13572aa6-9d35-4689-8da4-1dee7c9111f0', '3f97d102-5bee-4419-8f8a-2fc59032ddd8', '66355601-7b00-4c15-86fa-e845f70f45e6', 3.00),
('13572aa6-9d35-4689-8da4-1dee7c9111f0', '3f97d102-5bee-4419-8f8a-2fc59032ddd8', '274c3c66-ee85-434d-8638-20b4b6cceed5', 3.00),
('13572aa6-9d35-4689-8da4-1dee7c9111f0', '3f97d102-5bee-4419-8f8a-2fc59032ddd8', '5e12e3c6-ca87-410f-80df-c0cf8335fc78', 4.00),
('13572aa6-9d35-4689-8da4-1dee7c9111f0', '3f97d102-5bee-4419-8f8a-2fc59032ddd8', '7f2df60b-54fa-469f-8c26-a140b865caf1', 2.00),
('13572aa6-9d35-4689-8da4-1dee7c9111f0', '3f97d102-5bee-4419-8f8a-2fc59032ddd8', 'fba3f96f-968c-403a-8f6e-8c76ff590d66', 15.00),
('13572aa6-9d35-4689-8da4-1dee7c9111f0', '3f97d102-5bee-4419-8f8a-2fc59032ddd8', '0457937a-6d2a-4883-8240-a78487742db7', 0.00),
('13572aa6-9d35-4689-8da4-1dee7c9111f0', '3f97d102-5bee-4419-8f8a-2fc59032ddd8', '21e29a2b-92a0-4261-8e03-671afb9e0a6f', 3.00),
('13572aa6-9d35-4689-8da4-1dee7c9111f0', '3f97d102-5bee-4419-8f8a-2fc59032ddd8', 'bb04f04b-117c-40f5-8505-e707f2fc03a7', 5.00),
('13572aa6-9d35-4689-8da4-1dee7c9111f0', '3f97d102-5bee-4419-8f8a-2fc59032ddd8', '8ca73726-8bc9-4693-8990-788531edfbfb', 0.00),
('13572aa6-9d35-4689-8da4-1dee7c9111f0', '3f97d102-5bee-4419-8f8a-2fc59032ddd8', '93c4e343-76ef-4fee-8867-95006140e686', 10.00),
('13572aa6-9d35-4689-8da4-1dee7c9111f0', '3f97d102-5bee-4419-8f8a-2fc59032ddd8', '9315098d-aa23-4bb2-8d80-1628d9526e71', 4.00),
('13572aa6-9d35-4689-8da4-1dee7c9111f0', '3f97d102-5bee-4419-8f8a-2fc59032ddd8', '42cd0c00-ec90-4592-8d7d-cca98190cb66', 16.00),
('13572aa6-9d35-4689-8da4-1dee7c9111f0', '3f97d102-5bee-4419-8f8a-2fc59032ddd8', '7ec304ba-ef46-41ed-8522-987e982f5e2b', 1.00),
('13572aa6-9d35-4689-8da4-1dee7c9111f0', '3f97d102-5bee-4419-8f8a-2fc59032ddd8', '02c1b088-b394-4fec-883a-5324e3755130', 2.00),
('13572aa6-9d35-4689-8da4-1dee7c9111f0', '3f97d102-5bee-4419-8f8a-2fc59032ddd8', 'bacf3e4f-97ef-4590-84ac-0fa910016ffb', 0.00),
('13572aa6-9d35-4689-8da4-1dee7c9111f0', '3f97d102-5bee-4419-8f8a-2fc59032ddd8', 'f8e7ccc3-5b19-4922-8ccb-5c9cc9222bc7', 0.00),
('13572aa6-9d35-4689-8da4-1dee7c9111f0', '3f97d102-5bee-4419-8f8a-2fc59032ddd8', 'a4cb4b63-18a6-434f-8648-3a7d0097cd39', 0.00),
('13572aa6-9d35-4689-8da4-1dee7c9111f0', '3f97d102-5bee-4419-8f8a-2fc59032ddd8', '63fee361-b8ef-4611-8ab4-f82f9f044553', 0.00),
('13572aa6-9d35-4689-8da4-1dee7c9111f0', '3f97d102-5bee-4419-8f8a-2fc59032ddd8', '00668601-5b96-45bf-8ce4-5fea03772fca', 0.00),
('13572aa6-9d35-4689-8da4-1dee7c9111f0', '3f97d102-5bee-4419-8f8a-2fc59032ddd8', '0e686563-0087-467b-8938-1fd02b4adb89', 3.00),
('13572aa6-9d35-4689-8da4-1dee7c9111f0', 'db81686a-a443-4f0f-80b0-11fd3990f842', '255b9fa1-668c-4dc3-8053-160095a222ff', 6.00),
('13572aa6-9d35-4689-8da4-1dee7c9111f0', 'db81686a-a443-4f0f-80b0-11fd3990f842', 'f67b1fc7-fb55-43b1-8376-f744a8bf8080', 2.00),
('13572aa6-9d35-4689-8da4-1dee7c9111f0', 'db81686a-a443-4f0f-80b0-11fd3990f842', '78713a93-586b-4272-841a-e946e1fcba7d', 1.00),
('13572aa6-9d35-4689-8da4-1dee7c9111f0', 'db81686a-a443-4f0f-80b0-11fd3990f842', '66355601-7b00-4c15-86fa-e845f70f45e6', 5.00),
('13572aa6-9d35-4689-8da4-1dee7c9111f0', 'db81686a-a443-4f0f-80b0-11fd3990f842', '4337df07-9f92-49ec-81c7-711b0a407ea6', 6.00),
('13572aa6-9d35-4689-8da4-1dee7c9111f0', 'db81686a-a443-4f0f-80b0-11fd3990f842', '7f2df60b-54fa-469f-8c26-a140b865caf1', 5.00),
('13572aa6-9d35-4689-8da4-1dee7c9111f0', 'f9ceaff1-2acb-4bcf-834f-f4d58629d53a', '255b9fa1-668c-4dc3-8053-160095a222ff', 10.00),
('13572aa6-9d35-4689-8da4-1dee7c9111f0', 'f9ceaff1-2acb-4bcf-834f-f4d58629d53a', '21d6252d-f6ce-4b98-8499-3154d1accc48', 9.00),
('13572aa6-9d35-4689-8da4-1dee7c9111f0', 'f9ceaff1-2acb-4bcf-834f-f4d58629d53a', 'f67b1fc7-fb55-43b1-8376-f744a8bf8080', 5.00),
('13572aa6-9d35-4689-8da4-1dee7c9111f0', 'f9ceaff1-2acb-4bcf-834f-f4d58629d53a', '3a1d692e-fdeb-4b4d-88c2-6a42ce754891', 1.00),
('13572aa6-9d35-4689-8da4-1dee7c9111f0', 'f9ceaff1-2acb-4bcf-834f-f4d58629d53a', '66355601-7b00-4c15-86fa-e845f70f45e6', 22.00),
('13572aa6-9d35-4689-8da4-1dee7c9111f0', 'f9ceaff1-2acb-4bcf-834f-f4d58629d53a', '274c3c66-ee85-434d-8638-20b4b6cceed5', 1.00),
('13572aa6-9d35-4689-8da4-1dee7c9111f0', 'f9ceaff1-2acb-4bcf-834f-f4d58629d53a', 'fba3f96f-968c-403a-8f6e-8c76ff590d66', 8.00),
('13572aa6-9d35-4689-8da4-1dee7c9111f0', 'f9ceaff1-2acb-4bcf-834f-f4d58629d53a', 'a4cb4b63-18a6-434f-8648-3a7d0097cd39', 0.00),
('13572aa6-9d35-4689-8da4-1dee7c9111f0', '5d3d666a-283d-41c0-880c-8ea24f97ff97', '255b9fa1-668c-4dc3-8053-160095a222ff', 3.00),
('13572aa6-9d35-4689-8da4-1dee7c9111f0', '5d3d666a-283d-41c0-880c-8ea24f97ff97', 'f67b1fc7-fb55-43b1-8376-f744a8bf8080', 10.00),
('13572aa6-9d35-4689-8da4-1dee7c9111f0', '5d3d666a-283d-41c0-880c-8ea24f97ff97', '78713a93-586b-4272-841a-e946e1fcba7d', 20.80),
('13572aa6-9d35-4689-8da4-1dee7c9111f0', '5d3d666a-283d-41c0-880c-8ea24f97ff97', 'df4a3d37-6be5-4683-87e8-e6c7a2128ded', 0.00),
('13572aa6-9d35-4689-8da4-1dee7c9111f0', '5d3d666a-283d-41c0-880c-8ea24f97ff97', '66355601-7b00-4c15-86fa-e845f70f45e6', 41.00),
('13572aa6-9d35-4689-8da4-1dee7c9111f0', '5d3d666a-283d-41c0-880c-8ea24f97ff97', '274c3c66-ee85-434d-8638-20b4b6cceed5', 2.50),
('13572aa6-9d35-4689-8da4-1dee7c9111f0', '5d3d666a-283d-41c0-880c-8ea24f97ff97', '5e12e3c6-ca87-410f-80df-c0cf8335fc78', 3.00),
('13572aa6-9d35-4689-8da4-1dee7c9111f0', '5d3d666a-283d-41c0-880c-8ea24f97ff97', 'bb04f04b-117c-40f5-8505-e707f2fc03a7', 3.00),
('13572aa6-9d35-4689-8da4-1dee7c9111f0', '91be9991-b10e-4677-8579-cb916ed91577', '255b9fa1-668c-4dc3-8053-160095a222ff', 4.00),
('13572aa6-9d35-4689-8da4-1dee7c9111f0', '91be9991-b10e-4677-8579-cb916ed91577', 'f67b1fc7-fb55-43b1-8376-f744a8bf8080', 4.00),
('13572aa6-9d35-4689-8da4-1dee7c9111f0', '91be9991-b10e-4677-8579-cb916ed91577', '7fa3b096-8c74-4558-8ba0-994c0fc0ad63', 6.00),
('13572aa6-9d35-4689-8da4-1dee7c9111f0', '91be9991-b10e-4677-8579-cb916ed91577', 'df4a3d37-6be5-4683-87e8-e6c7a2128ded', 69.00),
('13572aa6-9d35-4689-8da4-1dee7c9111f0', '91be9991-b10e-4677-8579-cb916ed91577', '274c3c66-ee85-434d-8638-20b4b6cceed5', 8.00),
('13572aa6-9d35-4689-8da4-1dee7c9111f0', '91be9991-b10e-4677-8579-cb916ed91577', '5e12e3c6-ca87-410f-80df-c0cf8335fc78', 1.00),
('13572aa6-9d35-4689-8da4-1dee7c9111f0', '91be9991-b10e-4677-8579-cb916ed91577', '7f2df60b-54fa-469f-8c26-a140b865caf1', 5.00),
('13572aa6-9d35-4689-8da4-1dee7c9111f0', '91be9991-b10e-4677-8579-cb916ed91577', 'fba3f96f-968c-403a-8f6e-8c76ff590d66', 1.00),
('13572aa6-9d35-4689-8da4-1dee7c9111f0', '91be9991-b10e-4677-8579-cb916ed91577', 'bb04f04b-117c-40f5-8505-e707f2fc03a7', 7.00),
('13572aa6-9d35-4689-8da4-1dee7c9111f0', '39ec6c1f-e734-42bf-8a83-a46839fd286f', '8ca73726-8bc9-4693-8990-788531edfbfb', 4.00),
('13572aa6-9d35-4689-8da4-1dee7c9111f0', 'c45f9a69-1fed-47b5-8d18-efe08f5029d5', '8ca73726-8bc9-4693-8990-788531edfbfb', 15.00),
('13572aa6-9d35-4689-8da4-1dee7c9111f0', 'aed3832f-f1e4-4976-8d6d-0098f64e3427', 'f67b1fc7-fb55-43b1-8376-f744a8bf8080', 3.00),
('13572aa6-9d35-4689-8da4-1dee7c9111f0', 'aed3832f-f1e4-4976-8d6d-0098f64e3427', '7fa3b096-8c74-4558-8ba0-994c0fc0ad63', 2.00),
('13572aa6-9d35-4689-8da4-1dee7c9111f0', 'aed3832f-f1e4-4976-8d6d-0098f64e3427', 'df4a3d37-6be5-4683-87e8-e6c7a2128ded', 4.00),
('13572aa6-9d35-4689-8da4-1dee7c9111f0', 'aed3832f-f1e4-4976-8d6d-0098f64e3427', '66355601-7b00-4c15-86fa-e845f70f45e6', 0.00),
('13572aa6-9d35-4689-8da4-1dee7c9111f0', 'aed3832f-f1e4-4976-8d6d-0098f64e3427', '5e12e3c6-ca87-410f-80df-c0cf8335fc78', 1.00),
('13572aa6-9d35-4689-8da4-1dee7c9111f0', 'aed3832f-f1e4-4976-8d6d-0098f64e3427', '7f2df60b-54fa-469f-8c26-a140b865caf1', 3.00),
('13572aa6-9d35-4689-8da4-1dee7c9111f0', 'aed3832f-f1e4-4976-8d6d-0098f64e3427', '21e29a2b-92a0-4261-8e03-671afb9e0a6f', 0.00),
('13572aa6-9d35-4689-8da4-1dee7c9111f0', 'aed3832f-f1e4-4976-8d6d-0098f64e3427', '02c1b088-b394-4fec-883a-5324e3755130', 2.00),
('13572aa6-9d35-4689-8da4-1dee7c9111f0', '7651fe59-bf49-4292-8753-726e08232477', '1ae62e3b-b0b3-4941-8661-f035c0a78486', 0.00),
('13572aa6-9d35-4689-8da4-1dee7c9111f0', '7651fe59-bf49-4292-8753-726e08232477', '23fa97f6-4b29-4e85-84f4-b3d60dcb23d1', 0.00),
('13572aa6-9d35-4689-8da4-1dee7c9111f0', '7651fe59-bf49-4292-8753-726e08232477', '5edf9e18-b5e8-41f8-8cb6-f8a16ce90819', 0.00),
('13572aa6-9d35-4689-8da4-1dee7c9111f0', '7651fe59-bf49-4292-8753-726e08232477', 'f08a134f-7403-447d-8a56-747dbe4864b8', 0.00),
('13572aa6-9d35-4689-8da4-1dee7c9111f0', '7651fe59-bf49-4292-8753-726e08232477', '3b855492-3f38-4163-8673-7c2e1be02d0f', 0.00),
('13572aa6-9d35-4689-8da4-1dee7c9111f0', '7651fe59-bf49-4292-8753-726e08232477', 'fd941212-a83b-4c9c-8911-aa8d2ba90e3d', 0.00),
('13572aa6-9d35-4689-8da4-1dee7c9111f0', 'cbebbeb5-9d8e-47fb-8a13-da4185aeb142', '1ae62e3b-b0b3-4941-8661-f035c0a78486', 0.00),
('13572aa6-9d35-4689-8da4-1dee7c9111f0', 'cbebbeb5-9d8e-47fb-8a13-da4185aeb142', '23fa97f6-4b29-4e85-84f4-b3d60dcb23d1', 0.00),
('13572aa6-9d35-4689-8da4-1dee7c9111f0', 'cbebbeb5-9d8e-47fb-8a13-da4185aeb142', '5edf9e18-b5e8-41f8-8cb6-f8a16ce90819', 0.00),
('13572aa6-9d35-4689-8da4-1dee7c9111f0', 'b57225c9-4823-4a2d-8c23-32f2134058a6', '1ae62e3b-b0b3-4941-8661-f035c0a78486', 0.00),
('13572aa6-9d35-4689-8da4-1dee7c9111f0', 'b57225c9-4823-4a2d-8c23-32f2134058a6', '23fa97f6-4b29-4e85-84f4-b3d60dcb23d1', 0.00),
('13572aa6-9d35-4689-8da4-1dee7c9111f0', 'b57225c9-4823-4a2d-8c23-32f2134058a6', '5edf9e18-b5e8-41f8-8cb6-f8a16ce90819', 0.00),
('13572aa6-9d35-4689-8da4-1dee7c9111f0', 'b57225c9-4823-4a2d-8c23-32f2134058a6', 'f08a134f-7403-447d-8a56-747dbe4864b8', 0.00),
('13572aa6-9d35-4689-8da4-1dee7c9111f0', 'b57225c9-4823-4a2d-8c23-32f2134058a6', '3b855492-3f38-4163-8673-7c2e1be02d0f', 0.00),
('13572aa6-9d35-4689-8da4-1dee7c9111f0', 'b57225c9-4823-4a2d-8c23-32f2134058a6', 'fd941212-a83b-4c9c-8911-aa8d2ba90e3d', 0.00),
('b8b144a6-40e4-49b4-8919-6825e9e2bd13', 'a4f6e4b3-3edb-4144-8bf2-739f373262c5', '255b9fa1-668c-4dc3-8053-160095a222ff', 0.00),
('b8b144a6-40e4-49b4-8919-6825e9e2bd13', 'a4f6e4b3-3edb-4144-8bf2-739f373262c5', '21d6252d-f6ce-4b98-8499-3154d1accc48', 0.00),
('b8b144a6-40e4-49b4-8919-6825e9e2bd13', 'a4f6e4b3-3edb-4144-8bf2-739f373262c5', 'f67b1fc7-fb55-43b1-8376-f744a8bf8080', 0.00),
('b8b144a6-40e4-49b4-8919-6825e9e2bd13', 'a4f6e4b3-3edb-4144-8bf2-739f373262c5', '78713a93-586b-4272-841a-e946e1fcba7d', 0.00),
('b8b144a6-40e4-49b4-8919-6825e9e2bd13', 'a4f6e4b3-3edb-4144-8bf2-739f373262c5', '343214e2-c97d-4348-88af-11da5dea83cb', 0.00),
('b8b144a6-40e4-49b4-8919-6825e9e2bd13', 'a4f6e4b3-3edb-4144-8bf2-739f373262c5', '8c480b56-2b65-48f9-80a2-a84e94a13c67', 0.00),
('b8b144a6-40e4-49b4-8919-6825e9e2bd13', 'a4f6e4b3-3edb-4144-8bf2-739f373262c5', '3a1d692e-fdeb-4b4d-88c2-6a42ce754891', 0.00),
('b8b144a6-40e4-49b4-8919-6825e9e2bd13', 'a4f6e4b3-3edb-4144-8bf2-739f373262c5', '07353561-b78c-4a07-8e3a-9b4e481f5bd5', 0.00),
('b8b144a6-40e4-49b4-8919-6825e9e2bd13', 'a4f6e4b3-3edb-4144-8bf2-739f373262c5', '7fa3b096-8c74-4558-8ba0-994c0fc0ad63', 0.00),
('b8b144a6-40e4-49b4-8919-6825e9e2bd13', 'a4f6e4b3-3edb-4144-8bf2-739f373262c5', 'df4a3d37-6be5-4683-87e8-e6c7a2128ded', 0.00),
('b8b144a6-40e4-49b4-8919-6825e9e2bd13', 'a4f6e4b3-3edb-4144-8bf2-739f373262c5', '66355601-7b00-4c15-86fa-e845f70f45e6', 0.00),
('b8b144a6-40e4-49b4-8919-6825e9e2bd13', 'a4f6e4b3-3edb-4144-8bf2-739f373262c5', '274c3c66-ee85-434d-8638-20b4b6cceed5', 0.00),
('b8b144a6-40e4-49b4-8919-6825e9e2bd13', 'a4f6e4b3-3edb-4144-8bf2-739f373262c5', '4337df07-9f92-49ec-81c7-711b0a407ea6', 0.00),
('b8b144a6-40e4-49b4-8919-6825e9e2bd13', 'a4f6e4b3-3edb-4144-8bf2-739f373262c5', '5e12e3c6-ca87-410f-80df-c0cf8335fc78', 0.00),
('b8b144a6-40e4-49b4-8919-6825e9e2bd13', 'a4f6e4b3-3edb-4144-8bf2-739f373262c5', '02a88225-69a7-4f39-8c7a-911d6861c8bf', 0.00),
('b8b144a6-40e4-49b4-8919-6825e9e2bd13', 'a4f6e4b3-3edb-4144-8bf2-739f373262c5', '7f2df60b-54fa-469f-8c26-a140b865caf1', 0.00),
('b8b144a6-40e4-49b4-8919-6825e9e2bd13', 'a4f6e4b3-3edb-4144-8bf2-739f373262c5', 'fba3f96f-968c-403a-8f6e-8c76ff590d66', 0.00),
('b8b144a6-40e4-49b4-8919-6825e9e2bd13', 'a4f6e4b3-3edb-4144-8bf2-739f373262c5', 'bd709f6f-feb6-4c7a-8792-f341dfeb7336', 0.00),
('b8b144a6-40e4-49b4-8919-6825e9e2bd13', 'a4f6e4b3-3edb-4144-8bf2-739f373262c5', '0457937a-6d2a-4883-8240-a78487742db7', 0.00),
('b8b144a6-40e4-49b4-8919-6825e9e2bd13', '1a47f555-ee94-4d42-8213-ad2f16f7e383', '21e29a2b-92a0-4261-8e03-671afb9e0a6f', 0.00),
('b8b144a6-40e4-49b4-8919-6825e9e2bd13', 'f98e9e99-0201-45b1-8f0d-fcc6e947ad47', '255b9fa1-668c-4dc3-8053-160095a222ff', 0.00),
('b8b144a6-40e4-49b4-8919-6825e9e2bd13', 'f98e9e99-0201-45b1-8f0d-fcc6e947ad47', '21d6252d-f6ce-4b98-8499-3154d1accc48', 0.00),
('b8b144a6-40e4-49b4-8919-6825e9e2bd13', 'f98e9e99-0201-45b1-8f0d-fcc6e947ad47', 'f67b1fc7-fb55-43b1-8376-f744a8bf8080', 0.00),
('b8b144a6-40e4-49b4-8919-6825e9e2bd13', 'f98e9e99-0201-45b1-8f0d-fcc6e947ad47', '78713a93-586b-4272-841a-e946e1fcba7d', 0.00),
('b8b144a6-40e4-49b4-8919-6825e9e2bd13', 'f98e9e99-0201-45b1-8f0d-fcc6e947ad47', '343214e2-c97d-4348-88af-11da5dea83cb', 0.00),
('b8b144a6-40e4-49b4-8919-6825e9e2bd13', 'f98e9e99-0201-45b1-8f0d-fcc6e947ad47', '8c480b56-2b65-48f9-80a2-a84e94a13c67', 0.00),
('b8b144a6-40e4-49b4-8919-6825e9e2bd13', 'f98e9e99-0201-45b1-8f0d-fcc6e947ad47', '7fa3b096-8c74-4558-8ba0-994c0fc0ad63', 0.00),
('b8b144a6-40e4-49b4-8919-6825e9e2bd13', 'f98e9e99-0201-45b1-8f0d-fcc6e947ad47', 'df4a3d37-6be5-4683-87e8-e6c7a2128ded', 0.00),
('b8b144a6-40e4-49b4-8919-6825e9e2bd13', 'f98e9e99-0201-45b1-8f0d-fcc6e947ad47', '66355601-7b00-4c15-86fa-e845f70f45e6', 0.00),
('b8b144a6-40e4-49b4-8919-6825e9e2bd13', 'f98e9e99-0201-45b1-8f0d-fcc6e947ad47', '274c3c66-ee85-434d-8638-20b4b6cceed5', 0.00),
('b8b144a6-40e4-49b4-8919-6825e9e2bd13', 'f98e9e99-0201-45b1-8f0d-fcc6e947ad47', '5e12e3c6-ca87-410f-80df-c0cf8335fc78', 0.00),
('b8b144a6-40e4-49b4-8919-6825e9e2bd13', 'f98e9e99-0201-45b1-8f0d-fcc6e947ad47', '02a88225-69a7-4f39-8c7a-911d6861c8bf', 0.00),
('b8b144a6-40e4-49b4-8919-6825e9e2bd13', 'f98e9e99-0201-45b1-8f0d-fcc6e947ad47', '7f2df60b-54fa-469f-8c26-a140b865caf1', 0.00),
('b8b144a6-40e4-49b4-8919-6825e9e2bd13', 'f98e9e99-0201-45b1-8f0d-fcc6e947ad47', 'fba3f96f-968c-403a-8f6e-8c76ff590d66', 0.00),
('b8b144a6-40e4-49b4-8919-6825e9e2bd13', 'f98e9e99-0201-45b1-8f0d-fcc6e947ad47', 'bb04f04b-117c-40f5-8505-e707f2fc03a7', 0.00),
('b8b144a6-40e4-49b4-8919-6825e9e2bd13', 'f98e9e99-0201-45b1-8f0d-fcc6e947ad47', '8ca73726-8bc9-4693-8990-788531edfbfb', 0.00),
('b8b144a6-40e4-49b4-8919-6825e9e2bd13', 'f98e9e99-0201-45b1-8f0d-fcc6e947ad47', '93c4e343-76ef-4fee-8867-95006140e686', 0.00),
('b8b144a6-40e4-49b4-8919-6825e9e2bd13', '3f97d102-5bee-4419-8f8a-2fc59032ddd8', '255b9fa1-668c-4dc3-8053-160095a222ff', 0.00),
('b8b144a6-40e4-49b4-8919-6825e9e2bd13', '3f97d102-5bee-4419-8f8a-2fc59032ddd8', '21d6252d-f6ce-4b98-8499-3154d1accc48', 0.00),
('b8b144a6-40e4-49b4-8919-6825e9e2bd13', '3f97d102-5bee-4419-8f8a-2fc59032ddd8', 'f67b1fc7-fb55-43b1-8376-f744a8bf8080', 0.00),
('b8b144a6-40e4-49b4-8919-6825e9e2bd13', '3f97d102-5bee-4419-8f8a-2fc59032ddd8', '78713a93-586b-4272-841a-e946e1fcba7d', 0.00),
('b8b144a6-40e4-49b4-8919-6825e9e2bd13', '3f97d102-5bee-4419-8f8a-2fc59032ddd8', '343214e2-c97d-4348-88af-11da5dea83cb', 0.00),
('b8b144a6-40e4-49b4-8919-6825e9e2bd13', '3f97d102-5bee-4419-8f8a-2fc59032ddd8', '8c480b56-2b65-48f9-80a2-a84e94a13c67', 0.00),
('b8b144a6-40e4-49b4-8919-6825e9e2bd13', '3f97d102-5bee-4419-8f8a-2fc59032ddd8', '3a1d692e-fdeb-4b4d-88c2-6a42ce754891', 0.00),
('b8b144a6-40e4-49b4-8919-6825e9e2bd13', '3f97d102-5bee-4419-8f8a-2fc59032ddd8', '07353561-b78c-4a07-8e3a-9b4e481f5bd5', 0.00),
('b8b144a6-40e4-49b4-8919-6825e9e2bd13', '3f97d102-5bee-4419-8f8a-2fc59032ddd8', '7fa3b096-8c74-4558-8ba0-994c0fc0ad63', 0.00),
('b8b144a6-40e4-49b4-8919-6825e9e2bd13', '3f97d102-5bee-4419-8f8a-2fc59032ddd8', 'df4a3d37-6be5-4683-87e8-e6c7a2128ded', 0.00),
('b8b144a6-40e4-49b4-8919-6825e9e2bd13', '3f97d102-5bee-4419-8f8a-2fc59032ddd8', '66355601-7b00-4c15-86fa-e845f70f45e6', 0.00),
('b8b144a6-40e4-49b4-8919-6825e9e2bd13', '3f97d102-5bee-4419-8f8a-2fc59032ddd8', '274c3c66-ee85-434d-8638-20b4b6cceed5', 0.00),
('b8b144a6-40e4-49b4-8919-6825e9e2bd13', '3f97d102-5bee-4419-8f8a-2fc59032ddd8', '5e12e3c6-ca87-410f-80df-c0cf8335fc78', 0.00),
('b8b144a6-40e4-49b4-8919-6825e9e2bd13', '3f97d102-5bee-4419-8f8a-2fc59032ddd8', '7f2df60b-54fa-469f-8c26-a140b865caf1', 0.00),
('b8b144a6-40e4-49b4-8919-6825e9e2bd13', '3f97d102-5bee-4419-8f8a-2fc59032ddd8', 'fba3f96f-968c-403a-8f6e-8c76ff590d66', 0.00),
('b8b144a6-40e4-49b4-8919-6825e9e2bd13', '3f97d102-5bee-4419-8f8a-2fc59032ddd8', '0457937a-6d2a-4883-8240-a78487742db7', 0.00),
('b8b144a6-40e4-49b4-8919-6825e9e2bd13', '3f97d102-5bee-4419-8f8a-2fc59032ddd8', '21e29a2b-92a0-4261-8e03-671afb9e0a6f', 0.00),
('b8b144a6-40e4-49b4-8919-6825e9e2bd13', '3f97d102-5bee-4419-8f8a-2fc59032ddd8', 'bb04f04b-117c-40f5-8505-e707f2fc03a7', 0.00),
('b8b144a6-40e4-49b4-8919-6825e9e2bd13', '3f97d102-5bee-4419-8f8a-2fc59032ddd8', '8ca73726-8bc9-4693-8990-788531edfbfb', 0.00),
('b8b144a6-40e4-49b4-8919-6825e9e2bd13', '3f97d102-5bee-4419-8f8a-2fc59032ddd8', '93c4e343-76ef-4fee-8867-95006140e686', 0.00),
('b8b144a6-40e4-49b4-8919-6825e9e2bd13', '3f97d102-5bee-4419-8f8a-2fc59032ddd8', '9315098d-aa23-4bb2-8d80-1628d9526e71', 0.00),
('b8b144a6-40e4-49b4-8919-6825e9e2bd13', '3f97d102-5bee-4419-8f8a-2fc59032ddd8', '42cd0c00-ec90-4592-8d7d-cca98190cb66', 0.00),
('b8b144a6-40e4-49b4-8919-6825e9e2bd13', '3f97d102-5bee-4419-8f8a-2fc59032ddd8', '7ec304ba-ef46-41ed-8522-987e982f5e2b', 0.00),
('b8b144a6-40e4-49b4-8919-6825e9e2bd13', '3f97d102-5bee-4419-8f8a-2fc59032ddd8', '02c1b088-b394-4fec-883a-5324e3755130', 0.00),
('b8b144a6-40e4-49b4-8919-6825e9e2bd13', '3f97d102-5bee-4419-8f8a-2fc59032ddd8', 'bacf3e4f-97ef-4590-84ac-0fa910016ffb', 0.00),
('b8b144a6-40e4-49b4-8919-6825e9e2bd13', '3f97d102-5bee-4419-8f8a-2fc59032ddd8', 'f8e7ccc3-5b19-4922-8ccb-5c9cc9222bc7', 0.00),
('b8b144a6-40e4-49b4-8919-6825e9e2bd13', '3f97d102-5bee-4419-8f8a-2fc59032ddd8', 'a4cb4b63-18a6-434f-8648-3a7d0097cd39', 0.00),
('b8b144a6-40e4-49b4-8919-6825e9e2bd13', '3f97d102-5bee-4419-8f8a-2fc59032ddd8', '63fee361-b8ef-4611-8ab4-f82f9f044553', 0.00),
('b8b144a6-40e4-49b4-8919-6825e9e2bd13', '3f97d102-5bee-4419-8f8a-2fc59032ddd8', '00668601-5b96-45bf-8ce4-5fea03772fca', 0.00),
('b8b144a6-40e4-49b4-8919-6825e9e2bd13', '3f97d102-5bee-4419-8f8a-2fc59032ddd8', '0e686563-0087-467b-8938-1fd02b4adb89', 0.00),
('b8b144a6-40e4-49b4-8919-6825e9e2bd13', 'db81686a-a443-4f0f-80b0-11fd3990f842', '255b9fa1-668c-4dc3-8053-160095a222ff', 0.00),
('b8b144a6-40e4-49b4-8919-6825e9e2bd13', 'db81686a-a443-4f0f-80b0-11fd3990f842', 'f67b1fc7-fb55-43b1-8376-f744a8bf8080', 0.00),
('b8b144a6-40e4-49b4-8919-6825e9e2bd13', 'db81686a-a443-4f0f-80b0-11fd3990f842', '78713a93-586b-4272-841a-e946e1fcba7d', 0.00),
('b8b144a6-40e4-49b4-8919-6825e9e2bd13', 'db81686a-a443-4f0f-80b0-11fd3990f842', '66355601-7b00-4c15-86fa-e845f70f45e6', 0.00),
('b8b144a6-40e4-49b4-8919-6825e9e2bd13', 'db81686a-a443-4f0f-80b0-11fd3990f842', '4337df07-9f92-49ec-81c7-711b0a407ea6', 0.00),
('b8b144a6-40e4-49b4-8919-6825e9e2bd13', 'db81686a-a443-4f0f-80b0-11fd3990f842', '7f2df60b-54fa-469f-8c26-a140b865caf1', 0.00),
('b8b144a6-40e4-49b4-8919-6825e9e2bd13', 'f9ceaff1-2acb-4bcf-834f-f4d58629d53a', '255b9fa1-668c-4dc3-8053-160095a222ff', 0.00),
('b8b144a6-40e4-49b4-8919-6825e9e2bd13', 'f9ceaff1-2acb-4bcf-834f-f4d58629d53a', '21d6252d-f6ce-4b98-8499-3154d1accc48', 0.00),
('b8b144a6-40e4-49b4-8919-6825e9e2bd13', 'f9ceaff1-2acb-4bcf-834f-f4d58629d53a', 'f67b1fc7-fb55-43b1-8376-f744a8bf8080', 0.00),
('b8b144a6-40e4-49b4-8919-6825e9e2bd13', 'f9ceaff1-2acb-4bcf-834f-f4d58629d53a', '3a1d692e-fdeb-4b4d-88c2-6a42ce754891', 0.00),
('b8b144a6-40e4-49b4-8919-6825e9e2bd13', 'f9ceaff1-2acb-4bcf-834f-f4d58629d53a', '66355601-7b00-4c15-86fa-e845f70f45e6', 0.00),
('b8b144a6-40e4-49b4-8919-6825e9e2bd13', 'f9ceaff1-2acb-4bcf-834f-f4d58629d53a', '274c3c66-ee85-434d-8638-20b4b6cceed5', 0.00),
('b8b144a6-40e4-49b4-8919-6825e9e2bd13', 'f9ceaff1-2acb-4bcf-834f-f4d58629d53a', 'fba3f96f-968c-403a-8f6e-8c76ff590d66', 0.00),
('b8b144a6-40e4-49b4-8919-6825e9e2bd13', 'f9ceaff1-2acb-4bcf-834f-f4d58629d53a', 'a4cb4b63-18a6-434f-8648-3a7d0097cd39', 0.00),
('b8b144a6-40e4-49b4-8919-6825e9e2bd13', '5d3d666a-283d-41c0-880c-8ea24f97ff97', '255b9fa1-668c-4dc3-8053-160095a222ff', 0.00),
('b8b144a6-40e4-49b4-8919-6825e9e2bd13', '5d3d666a-283d-41c0-880c-8ea24f97ff97', 'f67b1fc7-fb55-43b1-8376-f744a8bf8080', 0.00),
('b8b144a6-40e4-49b4-8919-6825e9e2bd13', '5d3d666a-283d-41c0-880c-8ea24f97ff97', '78713a93-586b-4272-841a-e946e1fcba7d', 0.00),
('b8b144a6-40e4-49b4-8919-6825e9e2bd13', '5d3d666a-283d-41c0-880c-8ea24f97ff97', 'df4a3d37-6be5-4683-87e8-e6c7a2128ded', 0.00),
('b8b144a6-40e4-49b4-8919-6825e9e2bd13', '5d3d666a-283d-41c0-880c-8ea24f97ff97', '66355601-7b00-4c15-86fa-e845f70f45e6', 0.00),
('b8b144a6-40e4-49b4-8919-6825e9e2bd13', '5d3d666a-283d-41c0-880c-8ea24f97ff97', '274c3c66-ee85-434d-8638-20b4b6cceed5', 0.00),
('b8b144a6-40e4-49b4-8919-6825e9e2bd13', '5d3d666a-283d-41c0-880c-8ea24f97ff97', '5e12e3c6-ca87-410f-80df-c0cf8335fc78', 0.00),
('b8b144a6-40e4-49b4-8919-6825e9e2bd13', '5d3d666a-283d-41c0-880c-8ea24f97ff97', 'bb04f04b-117c-40f5-8505-e707f2fc03a7', 0.00),
('b8b144a6-40e4-49b4-8919-6825e9e2bd13', '91be9991-b10e-4677-8579-cb916ed91577', '255b9fa1-668c-4dc3-8053-160095a222ff', 0.00),
('b8b144a6-40e4-49b4-8919-6825e9e2bd13', '91be9991-b10e-4677-8579-cb916ed91577', 'f67b1fc7-fb55-43b1-8376-f744a8bf8080', 0.00),
('b8b144a6-40e4-49b4-8919-6825e9e2bd13', '91be9991-b10e-4677-8579-cb916ed91577', '7fa3b096-8c74-4558-8ba0-994c0fc0ad63', 0.00),
('b8b144a6-40e4-49b4-8919-6825e9e2bd13', '91be9991-b10e-4677-8579-cb916ed91577', 'df4a3d37-6be5-4683-87e8-e6c7a2128ded', 0.00),
('b8b144a6-40e4-49b4-8919-6825e9e2bd13', '91be9991-b10e-4677-8579-cb916ed91577', '274c3c66-ee85-434d-8638-20b4b6cceed5', 0.00),
('b8b144a6-40e4-49b4-8919-6825e9e2bd13', '91be9991-b10e-4677-8579-cb916ed91577', '5e12e3c6-ca87-410f-80df-c0cf8335fc78', 0.00),
('b8b144a6-40e4-49b4-8919-6825e9e2bd13', '91be9991-b10e-4677-8579-cb916ed91577', '7f2df60b-54fa-469f-8c26-a140b865caf1', 0.00),
('b8b144a6-40e4-49b4-8919-6825e9e2bd13', '91be9991-b10e-4677-8579-cb916ed91577', 'fba3f96f-968c-403a-8f6e-8c76ff590d66', 0.00),
('b8b144a6-40e4-49b4-8919-6825e9e2bd13', '91be9991-b10e-4677-8579-cb916ed91577', 'bb04f04b-117c-40f5-8505-e707f2fc03a7', 0.00),
('b8b144a6-40e4-49b4-8919-6825e9e2bd13', '39ec6c1f-e734-42bf-8a83-a46839fd286f', '8ca73726-8bc9-4693-8990-788531edfbfb', 0.00),
('b8b144a6-40e4-49b4-8919-6825e9e2bd13', 'c45f9a69-1fed-47b5-8d18-efe08f5029d5', '8ca73726-8bc9-4693-8990-788531edfbfb', 0.00),
('b8b144a6-40e4-49b4-8919-6825e9e2bd13', 'aed3832f-f1e4-4976-8d6d-0098f64e3427', 'f67b1fc7-fb55-43b1-8376-f744a8bf8080', 0.00),
('b8b144a6-40e4-49b4-8919-6825e9e2bd13', 'aed3832f-f1e4-4976-8d6d-0098f64e3427', '7fa3b096-8c74-4558-8ba0-994c0fc0ad63', 0.00),
('b8b144a6-40e4-49b4-8919-6825e9e2bd13', 'aed3832f-f1e4-4976-8d6d-0098f64e3427', 'df4a3d37-6be5-4683-87e8-e6c7a2128ded', 0.00),
('b8b144a6-40e4-49b4-8919-6825e9e2bd13', 'aed3832f-f1e4-4976-8d6d-0098f64e3427', '66355601-7b00-4c15-86fa-e845f70f45e6', 0.00),
('b8b144a6-40e4-49b4-8919-6825e9e2bd13', 'aed3832f-f1e4-4976-8d6d-0098f64e3427', '5e12e3c6-ca87-410f-80df-c0cf8335fc78', 0.00),
('b8b144a6-40e4-49b4-8919-6825e9e2bd13', 'aed3832f-f1e4-4976-8d6d-0098f64e3427', '7f2df60b-54fa-469f-8c26-a140b865caf1', 0.00),
('b8b144a6-40e4-49b4-8919-6825e9e2bd13', 'aed3832f-f1e4-4976-8d6d-0098f64e3427', '21e29a2b-92a0-4261-8e03-671afb9e0a6f', 0.00),
('b8b144a6-40e4-49b4-8919-6825e9e2bd13', 'aed3832f-f1e4-4976-8d6d-0098f64e3427', '02c1b088-b394-4fec-883a-5324e3755130', 0.00),
('b8b144a6-40e4-49b4-8919-6825e9e2bd13', '7651fe59-bf49-4292-8753-726e08232477', '1ae62e3b-b0b3-4941-8661-f035c0a78486', 0.00),
('b8b144a6-40e4-49b4-8919-6825e9e2bd13', '7651fe59-bf49-4292-8753-726e08232477', '23fa97f6-4b29-4e85-84f4-b3d60dcb23d1', 0.00),
('b8b144a6-40e4-49b4-8919-6825e9e2bd13', '7651fe59-bf49-4292-8753-726e08232477', '5edf9e18-b5e8-41f8-8cb6-f8a16ce90819', 0.00),
('b8b144a6-40e4-49b4-8919-6825e9e2bd13', '7651fe59-bf49-4292-8753-726e08232477', 'f08a134f-7403-447d-8a56-747dbe4864b8', 0.00),
('b8b144a6-40e4-49b4-8919-6825e9e2bd13', '7651fe59-bf49-4292-8753-726e08232477', '3b855492-3f38-4163-8673-7c2e1be02d0f', 0.00),
('b8b144a6-40e4-49b4-8919-6825e9e2bd13', '7651fe59-bf49-4292-8753-726e08232477', 'fd941212-a83b-4c9c-8911-aa8d2ba90e3d', 0.00),
('b8b144a6-40e4-49b4-8919-6825e9e2bd13', 'cbebbeb5-9d8e-47fb-8a13-da4185aeb142', '1ae62e3b-b0b3-4941-8661-f035c0a78486', 0.00),
('b8b144a6-40e4-49b4-8919-6825e9e2bd13', 'cbebbeb5-9d8e-47fb-8a13-da4185aeb142', '23fa97f6-4b29-4e85-84f4-b3d60dcb23d1', 0.00),
('b8b144a6-40e4-49b4-8919-6825e9e2bd13', 'cbebbeb5-9d8e-47fb-8a13-da4185aeb142', '5edf9e18-b5e8-41f8-8cb6-f8a16ce90819', 0.00),
('b8b144a6-40e4-49b4-8919-6825e9e2bd13', 'b57225c9-4823-4a2d-8c23-32f2134058a6', '1ae62e3b-b0b3-4941-8661-f035c0a78486', 0.00),
('b8b144a6-40e4-49b4-8919-6825e9e2bd13', 'b57225c9-4823-4a2d-8c23-32f2134058a6', '23fa97f6-4b29-4e85-84f4-b3d60dcb23d1', 0.00),
('b8b144a6-40e4-49b4-8919-6825e9e2bd13', 'b57225c9-4823-4a2d-8c23-32f2134058a6', '5edf9e18-b5e8-41f8-8cb6-f8a16ce90819', 0.00),
('b8b144a6-40e4-49b4-8919-6825e9e2bd13', 'b57225c9-4823-4a2d-8c23-32f2134058a6', 'f08a134f-7403-447d-8a56-747dbe4864b8', 0.00),
('b8b144a6-40e4-49b4-8919-6825e9e2bd13', 'b57225c9-4823-4a2d-8c23-32f2134058a6', '3b855492-3f38-4163-8673-7c2e1be02d0f', 0.00),
('b8b144a6-40e4-49b4-8919-6825e9e2bd13', 'b57225c9-4823-4a2d-8c23-32f2134058a6', 'fd941212-a83b-4c9c-8911-aa8d2ba90e3d', 0.00);

-- --------------------------------------------------------

--
-- Estructura de tabla para la tabla `productos`
--

CREATE TABLE IF NOT EXISTS "productos" (
  "id" TEXT,
  
  "producto" TEXT DEFAULT NULL,
  
  "url" TEXT DEFAULT NULL,
  
  "precio" REAL DEFAULT 0.00,
  
  "costo" REAL DEFAULT 0.00,
  
  "categoria_id" TEXT DEFAULT NULL,
  
  "activo" INTEGER DEFAULT 1
);

INSERT INTO "productos" ("id", "producto", "url", "costo", "categoria_id", "activo") VALUES
('a4f6e4b3-3edb-4144-8bf2-739f373262c5', 'Flor Petalo Suizo Grande - Bolsa x100 und', NULL, 0.00, '5552f820-af06-4800-8d67-75612128b1df', 1),
('1a47f555-ee94-4d42-8213-ad2f16f7e383', 'Flor Petalo Razo Grande - Bolsa x100 und	', NULL, 0.00, '5552f820-af06-4800-8d67-75612128b1df', 1),
('f98e9e99-0201-45b1-8f0d-fcc6e947ad47', 'Flor Petalo Suizo Pequeno - Bolsa x100 und', NULL, 0.00, '5552f820-af06-4800-8d67-75612128b1df', 1),
('90bcd68d-affa-4f6f-8f78-271f95c2be3b', 'Flor Petalo Brilloso Pequeno - Bolsa x100 und	', NULL, 0.00, '5552f820-af06-4800-8d67-75612128b1df', 1),
('3f97d102-5bee-4419-8f8a-2fc59032ddd8', 'Mariposa Razo Mediano - Bolsa x100 und', NULL, 0.00, '5552f820-af06-4800-8d67-75612128b1df', 1),
('db81686a-a443-4f0f-80b0-11fd3990f842', 'Mariposa Suizo Mediano - Bolsa x100 und	', NULL, 0.00, '5552f820-af06-4800-8d67-75612128b1df', 1),
('f9ceaff1-2acb-4bcf-834f-f4d58629d53a', 'Mariposa Razo Grande - Bolsa x100 und	', NULL, 0.00, '5552f820-af06-4800-8d67-75612128b1df', 1),
('5d3d666a-283d-41c0-880c-8ea24f97ff97', 'Mariposa Razo Chico - Bolsa x100 und', NULL, 0.00, '5552f820-af06-4800-8d67-75612128b1df', 1),
('91be9991-b10e-4677-8579-cb916ed91577', 'Mariposa Razo Extra Chico - Bolsa x100 und', NULL, 0.00, '5552f820-af06-4800-8d67-75612128b1df', 1),
('39ec6c1f-e734-42bf-8a83-a46839fd286f', 'Flor Petalo Brilloso Grande - Bolsa x100 und', NULL, 0.00, '5552f820-af06-4800-8d67-75612128b1df', 1),
('c45f9a69-1fed-47b5-8d18-efe08f5029d5', 'Mariposa Brilloso Extra Chico - Bolsa x100 und	', NULL, 0.00, '5552f820-af06-4800-8d67-75612128b1df', 1),
('aed3832f-f1e4-4976-8d6d-0098f64e3427', 'Mariposa Razo Con Brillo Mediano - Bolsa x100 und	', NULL, 0.00, '5552f820-af06-4800-8d67-75612128b1df', 1),
('7651fe59-bf49-4292-8753-726e08232477', 'Coshibo cod-1034', NULL, 0.00, 'ac4b8cd3-292a-451c-8524-595e4e756697', 1),
('cbebbeb5-9d8e-47fb-8a13-da4185aeb142', 'Coshibo cod-1061', NULL, 0.00, 'ac4b8cd3-292a-451c-8524-595e4e756697', 1),
('b57225c9-4823-4a2d-8c23-32f2134058a6', 'Coshibo cod-1059', NULL, 0.00, 'ac4b8cd3-292a-451c-8524-595e4e756697', 1);

-- --------------------------------------------------------

--
-- Estructura de tabla para la tabla `sucursales`
--

CREATE TABLE IF NOT EXISTS "sucursales" (
  "id" TEXT,
  
  "sucursal" TEXT DEFAULT NULL,
  
  "activo" INTEGER DEFAULT 1
);

INSERT INTO "sucursales" ("id", "sucursal") VALUES
('13572aa6-9d35-4689-8da4-1dee7c9111f0', 'Ramada'),
('b8b144a6-40e4-49b4-8919-6825e9e2bd13', 'Feria');

-- --------------------------------------------------------

--
-- Estructura de tabla para la tabla `tipos_gastos`
--

CREATE TABLE IF NOT EXISTS "tipos_gastos" (
  "id" TEXT,
  
  "tipo_gasto" TEXT DEFAULT NULL,
  
  "activo" INTEGER DEFAULT 1
);

INSERT INTO "tipos_gastos" ("id", "tipo_gasto") VALUES
('9a76808b-82af-4f1e-8738-01a3e34045a8', 'Transporte Terrestre'),
('c8764466-1231-49a0-8b93-3682f31a822e', 'Transporte Maritimo'),
('c71bb857-0c0e-4592-8d4c-f03de8bcddc2', 'Transporte Aereo'),
('9b65368c-92b5-454b-87ff-09b56b6dae02', 'Nacionalizacion'),
('9eb54820-45c2-48c8-846d-267188576348', 'Poliza'),
('5318788e-d343-47a1-8932-9a4dcb795406', 'Taxi');

-- --------------------------------------------------------

--
-- Estructura de tabla para la tabla `ventas`
--

CREATE TABLE IF NOT EXISTS "ventas" (
  "id" TEXT,
  
  "fecha" TEXT DEFAULT (date('now')),
  
  "total" REAL DEFAULT NULL,
  
  "descuento" REAL DEFAULT NULL,
  
  "total_ganancias" REAL DEFAULT NULL,
  
  "sucursal_id" TEXT DEFAULT NULL
);

INSERT INTO "ventas" ("id", "fecha", "total", "descuento", "total_ganancias", "sucursal_id") VALUES
('f3c2982f-f1c3-498a-893f-6b160eadeb7f', '2025-09-12', 345.00, 0.00, 0.00, '13572aa6-9d35-4689-8da4-1dee7c9111f0'),
('00728db0-17e6-40f3-8320-4e097b157bbd', '2025-09-19', 403.00, 0.00, 0.00, '13572aa6-9d35-4689-8da4-1dee7c9111f0'),
('78d901ef-8621-4818-8d1e-edd7019218e4', '2025-09-22', 138.00, 0.00, 0.00, '13572aa6-9d35-4689-8da4-1dee7c9111f0'),
('9de00ce2-817c-4c61-8bd3-6b22d59e9b21', '2025-09-29', 17.00, 0.00, 0.00, '13572aa6-9d35-4689-8da4-1dee7c9111f0'),
('127528d8-decb-4853-86c3-ff9bc0427c8e', '2025-10-01', 17.00, 0.00, 0.00, '13572aa6-9d35-4689-8da4-1dee7c9111f0'),
('c408b5e2-ff41-4216-8922-aeba0f0c8790', '2025-10-02', 68.00, 0.00, 0.00, '13572aa6-9d35-4689-8da4-1dee7c9111f0'),
('b3f684ac-17b5-424f-8886-c0f5adb9ba3c', '2025-10-07', 50.00, 0.00, 0.00, '13572aa6-9d35-4689-8da4-1dee7c9111f0'),
('38d20c13-2cc4-4052-864f-020552a600d9', '2025-10-23', 124.00, 0.00, 0.00, '13572aa6-9d35-4689-8da4-1dee7c9111f0'),
('9cb58e0f-3475-4c84-89ba-cf70f51eea4b', '2025-10-27', 93.00, 0.00, 0.00, '13572aa6-9d35-4689-8da4-1dee7c9111f0'),
('fae61077-c0f1-4ee1-8fe9-205eacf67573', '2025-11-04', 27.00, 0.00, 0.00, '13572aa6-9d35-4689-8da4-1dee7c9111f0'),
('b7185fb3-bcc1-40ae-8aeb-4cf15b59e78c', '2025-11-07', 1428.00, 0.00, 0.00, '13572aa6-9d35-4689-8da4-1dee7c9111f0'),
('997c495f-9e76-4752-8fc2-cb0782b8c927', '2025-11-10', 2550.00, 0.00, 0.00, '13572aa6-9d35-4689-8da4-1dee7c9111f0'),
('13c99e3f-98d7-4c62-833f-6f04ff8fea06', '2025-11-24', 27.00, 0.00, 0.00, '13572aa6-9d35-4689-8da4-1dee7c9111f0'),
('6f31de09-e674-42e8-824f-38ea81157860', '2025-11-25', 75.00, 0.00, 0.00, '13572aa6-9d35-4689-8da4-1dee7c9111f0'),
('3f91cdbd-1896-4998-8034-3bbf9a5c84c0', '2026-01-13', 920.00, 0.00, 0.00, '13572aa6-9d35-4689-8da4-1dee7c9111f0'),
('556bb478-248e-4360-898a-d01de5c791f0', '2026-01-19', 322.00, 0.00, 0.00, '13572aa6-9d35-4689-8da4-1dee7c9111f0');

-- --------------------------------------------------------

--
-- Estructura de tabla para la tabla `venta_producto`
--

CREATE TABLE IF NOT EXISTS "venta_producto" (
  "id" TEXT,
  
  "venta_id" TEXT DEFAULT NULL,
  
  "producto_id" TEXT DEFAULT NULL,
  
  "color_id" TEXT DEFAULT NULL,
  
  "cantidad" REAL DEFAULT NULL,
  
  "precio" REAL DEFAULT NULL,
  
  "subtotal" REAL DEFAULT NULL,
  
  "ganancias" REAL DEFAULT NULL
);

INSERT INTO "venta_producto" ("id", "venta_id", "producto_id", "color_id", "cantidad", "precio", "subtotal", "ganancias") VALUES
('dc498502-cbca-4e07-828e-fdce9e73fd08', 'f3c2982f-f1c3-498a-893f-6b160eadeb7f', 'a4f6e4b3-3edb-4144-8bf2-739f373262c5', '7fa3b096-8c74-4558-8ba0-994c0fc0ad63', 1.00, 18.00, 18.00, 0.00),
('c51d01b2-ad9d-4c95-8a3b-a8894de36625', 'f3c2982f-f1c3-498a-893f-6b160eadeb7f', 'a4f6e4b3-3edb-4144-8bf2-739f373262c5', '7f2df60b-54fa-469f-8c26-a140b865caf1', 1.00, 18.00, 18.00, 0.00),
('0bd7d86c-cf4b-4c2c-85c5-ee2f9e5dccb0', 'f3c2982f-f1c3-498a-893f-6b160eadeb7f', 'a4f6e4b3-3edb-4144-8bf2-739f373262c5', '66355601-7b00-4c15-86fa-e845f70f45e6', 1.00, 18.00, 18.00, 0.00),
('fcd29ba1-a4ea-4e61-864d-f3dda04d8a3f', 'f3c2982f-f1c3-498a-893f-6b160eadeb7f', 'a4f6e4b3-3edb-4144-8bf2-739f373262c5', '07353561-b78c-4a07-8e3a-9b4e481f5bd5', 1.00, 18.00, 18.00, 0.00),
('4540c3f5-0dc0-4296-8b49-5686bbbb58cf', 'f3c2982f-f1c3-498a-893f-6b160eadeb7f', 'a4f6e4b3-3edb-4144-8bf2-739f373262c5', '255b9fa1-668c-4dc3-8053-160095a222ff', 1.00, 18.00, 18.00, 0.00),
('cdd43df7-e608-4c6e-872d-4a947c5e7c42', 'f3c2982f-f1c3-498a-893f-6b160eadeb7f', 'a4f6e4b3-3edb-4144-8bf2-739f373262c5', 'df4a3d37-6be5-4683-87e8-e6c7a2128ded', 1.00, 18.00, 18.00, 0.00),
('138ed2b3-1b3e-4aa1-8c91-c8dca4e15798', 'f3c2982f-f1c3-498a-893f-6b160eadeb7f', 'a4f6e4b3-3edb-4144-8bf2-739f373262c5', '4337df07-9f92-49ec-81c7-711b0a407ea6', 1.00, 18.00, 18.00, 0.00),
('b0e3836d-52ea-451d-8c50-9d84502726f1', 'f3c2982f-f1c3-498a-893f-6b160eadeb7f', 'a4f6e4b3-3edb-4144-8bf2-739f373262c5', '5e12e3c6-ca87-410f-80df-c0cf8335fc78', 1.00, 18.00, 18.00, 0.00),
('7578db34-1278-4009-8a46-50753a181280', 'f3c2982f-f1c3-498a-893f-6b160eadeb7f', 'a4f6e4b3-3edb-4144-8bf2-739f373262c5', '78713a93-586b-4272-841a-e946e1fcba7d', 1.00, 18.00, 18.00, 0.00),
('0819ad1f-4725-48ff-8633-48d69d1cc8be', 'f3c2982f-f1c3-498a-893f-6b160eadeb7f', '90bcd68d-affa-4f6f-8f78-271f95c2be3b', '8ca73726-8bc9-4693-8990-788531edfbfb', 2.00, 18.00, 36.00, 0.00),
('067f5c81-c0ff-4740-817f-1c44ed70b41e', 'f3c2982f-f1c3-498a-893f-6b160eadeb7f', '3f97d102-5bee-4419-8f8a-2fc59032ddd8', '5e12e3c6-ca87-410f-80df-c0cf8335fc78', 2.00, 13.00, 26.00, 0.00),
('0f719847-04be-4abc-81bc-865973c6822c', 'f3c2982f-f1c3-498a-893f-6b160eadeb7f', '3f97d102-5bee-4419-8f8a-2fc59032ddd8', '21d6252d-f6ce-4b98-8499-3154d1accc48', 1.00, 13.00, 13.00, 0.00),
('bdef7912-a27d-46a9-82bc-8a6fdfd7c302', 'f3c2982f-f1c3-498a-893f-6b160eadeb7f', '3f97d102-5bee-4419-8f8a-2fc59032ddd8', '3a1d692e-fdeb-4b4d-88c2-6a42ce754891', 1.00, 13.00, 13.00, 0.00),
('58223a29-f484-4889-8409-1e287efbf5e7', 'f3c2982f-f1c3-498a-893f-6b160eadeb7f', '3f97d102-5bee-4419-8f8a-2fc59032ddd8', '93c4e343-76ef-4fee-8867-95006140e686', 1.00, 13.00, 13.00, 0.00),
('e025266c-145a-4dc9-8e33-dad7dd8b714d', 'f3c2982f-f1c3-498a-893f-6b160eadeb7f', '3f97d102-5bee-4419-8f8a-2fc59032ddd8', 'df4a3d37-6be5-4683-87e8-e6c7a2128ded', 1.00, 13.00, 13.00, 0.00),
('6ae8f6e5-299b-48b9-8518-c90ca5eb6b9c', 'f3c2982f-f1c3-498a-893f-6b160eadeb7f', '3f97d102-5bee-4419-8f8a-2fc59032ddd8', '7fa3b096-8c74-4558-8ba0-994c0fc0ad63', 1.00, 13.00, 13.00, 0.00),
('b5cb9811-4119-4f8b-8ed6-87b8dd41e9df', 'f3c2982f-f1c3-498a-893f-6b160eadeb7f', '3f97d102-5bee-4419-8f8a-2fc59032ddd8', '0457937a-6d2a-4883-8240-a78487742db7', 1.00, 13.00, 13.00, 0.00),
('74da46ac-f83b-4b03-8162-29a9b1354abb', 'f3c2982f-f1c3-498a-893f-6b160eadeb7f', '3f97d102-5bee-4419-8f8a-2fc59032ddd8', 'fba3f96f-968c-403a-8f6e-8c76ff590d66', 1.00, 13.00, 13.00, 0.00),
('8d8a8178-16e5-455b-8885-b35f9aab50f3', 'f3c2982f-f1c3-498a-893f-6b160eadeb7f', '3f97d102-5bee-4419-8f8a-2fc59032ddd8', 'a4cb4b63-18a6-434f-8648-3a7d0097cd39', 1.00, 13.00, 13.00, 0.00),
('d1939ee2-23a6-4021-84ae-970bda85a841', 'f3c2982f-f1c3-498a-893f-6b160eadeb7f', 'f98e9e99-0201-45b1-8f0d-fcc6e947ad47', '7f2df60b-54fa-469f-8c26-a140b865caf1', 1.00, 17.00, 17.00, 0.00),
('bcfec81b-d8e6-43de-88c1-3d9deb82d481', '00728db0-17e6-40f3-8320-4e097b157bbd', 'a4f6e4b3-3edb-4144-8bf2-739f373262c5', '4337df07-9f92-49ec-81c7-711b0a407ea6', 2.00, 22.00, 44.00, 0.00),
('ae06b09e-1e4a-4ddc-845e-278196c1e8cd', '00728db0-17e6-40f3-8320-4e097b157bbd', 'a4f6e4b3-3edb-4144-8bf2-739f373262c5', '274c3c66-ee85-434d-8638-20b4b6cceed5', 2.00, 22.00, 44.00, 0.00),
('2e64f8c4-8b48-4ee8-8af0-4fc34bf77813', '00728db0-17e6-40f3-8320-4e097b157bbd', '3f97d102-5bee-4419-8f8a-2fc59032ddd8', '7fa3b096-8c74-4558-8ba0-994c0fc0ad63', 1.00, 17.00, 17.00, 0.00),
('4d668dbd-b51f-4918-8f58-ea038b8a36fb', '00728db0-17e6-40f3-8320-4e097b157bbd', '3f97d102-5bee-4419-8f8a-2fc59032ddd8', '8c480b56-2b65-48f9-80a2-a84e94a13c67', 1.00, 17.00, 17.00, 0.00),
('7cb6eb5a-a793-494f-8145-2c0a1c30d053', '00728db0-17e6-40f3-8320-4e097b157bbd', '3f97d102-5bee-4419-8f8a-2fc59032ddd8', '255b9fa1-668c-4dc3-8053-160095a222ff', 1.00, 17.00, 17.00, 0.00),
('25494491-6473-4a16-873b-c31c2e0c89dd', '00728db0-17e6-40f3-8320-4e097b157bbd', '3f97d102-5bee-4419-8f8a-2fc59032ddd8', '9315098d-aa23-4bb2-8d80-1628d9526e71', 1.00, 17.00, 17.00, 0.00),
('5979a0eb-5469-4814-8350-6366dc05567a', '00728db0-17e6-40f3-8320-4e097b157bbd', '3f97d102-5bee-4419-8f8a-2fc59032ddd8', 'bb04f04b-117c-40f5-8505-e707f2fc03a7', 1.00, 17.00, 17.00, 0.00),
('607c9432-8346-4504-8739-3a674f7a6105', '00728db0-17e6-40f3-8320-4e097b157bbd', '3f97d102-5bee-4419-8f8a-2fc59032ddd8', '3a1d692e-fdeb-4b4d-88c2-6a42ce754891', 1.00, 17.00, 17.00, 0.00),
('323dc59f-eca6-424d-86c5-cf48e53bc61d', '00728db0-17e6-40f3-8320-4e097b157bbd', '3f97d102-5bee-4419-8f8a-2fc59032ddd8', '93c4e343-76ef-4fee-8867-95006140e686', 1.00, 17.00, 17.00, 0.00),
('a0e28e63-08e9-43cb-8168-37880cdf9142', '00728db0-17e6-40f3-8320-4e097b157bbd', '3f97d102-5bee-4419-8f8a-2fc59032ddd8', '5e12e3c6-ca87-410f-80df-c0cf8335fc78', 1.00, 17.00, 17.00, 0.00),
('203e6fd1-e01a-483a-81f4-dae749fc5f92', '00728db0-17e6-40f3-8320-4e097b157bbd', '3f97d102-5bee-4419-8f8a-2fc59032ddd8', '21e29a2b-92a0-4261-8e03-671afb9e0a6f', 1.00, 17.00, 17.00, 0.00),
('4f30c466-1a8b-421b-8aa0-eac92d457924', '00728db0-17e6-40f3-8320-4e097b157bbd', '3f97d102-5bee-4419-8f8a-2fc59032ddd8', '8ca73726-8bc9-4693-8990-788531edfbfb', 1.00, 17.00, 17.00, 0.00),
('11e20c84-deef-46f3-8e9f-db69cb1b03fc', '00728db0-17e6-40f3-8320-4e097b157bbd', '3f97d102-5bee-4419-8f8a-2fc59032ddd8', '343214e2-c97d-4348-88af-11da5dea83cb', 1.00, 17.00, 17.00, 0.00),
('626707d6-f907-42cf-8c1d-ce1b74e60533', '00728db0-17e6-40f3-8320-4e097b157bbd', '3f97d102-5bee-4419-8f8a-2fc59032ddd8', 'df4a3d37-6be5-4683-87e8-e6c7a2128ded', 1.00, 17.00, 17.00, 0.00),
('3d074ef8-5cae-4dc7-836c-e052148377fb', '00728db0-17e6-40f3-8320-4e097b157bbd', '3f97d102-5bee-4419-8f8a-2fc59032ddd8', 'bacf3e4f-97ef-4590-84ac-0fa910016ffb', 1.00, 17.00, 17.00, 0.00),
('2a3b74fe-30f8-4166-8976-74286d5dee05', '00728db0-17e6-40f3-8320-4e097b157bbd', '3f97d102-5bee-4419-8f8a-2fc59032ddd8', '66355601-7b00-4c15-86fa-e845f70f45e6', 1.00, 17.00, 17.00, 0.00),
('5465af0a-d195-4b5d-8787-7f1274a75c6c', '00728db0-17e6-40f3-8320-4e097b157bbd', '3f97d102-5bee-4419-8f8a-2fc59032ddd8', 'f67b1fc7-fb55-43b1-8376-f744a8bf8080', 1.00, 17.00, 17.00, 0.00),
('8169f121-4777-4c59-82af-68b9d21223bb', '00728db0-17e6-40f3-8320-4e097b157bbd', 'f98e9e99-0201-45b1-8f0d-fcc6e947ad47', '7f2df60b-54fa-469f-8c26-a140b865caf1', 3.00, 15.00, 45.00, 0.00),
('bb16013a-58a2-478e-8786-a7a82f26ed13', '00728db0-17e6-40f3-8320-4e097b157bbd', 'f98e9e99-0201-45b1-8f0d-fcc6e947ad47', '66355601-7b00-4c15-86fa-e845f70f45e6', 1.00, 15.00, 15.00, 0.00),
('0c1e098c-6ff0-4216-8e67-82af164bba0a', '78d901ef-8621-4818-8d1e-edd7019218e4', '3f97d102-5bee-4419-8f8a-2fc59032ddd8', '66355601-7b00-4c15-86fa-e845f70f45e6', 1.00, 15.00, 15.00, 0.00),
('76a51492-9c35-4b9e-8dc0-9da50f4d78f0', '78d901ef-8621-4818-8d1e-edd7019218e4', '3f97d102-5bee-4419-8f8a-2fc59032ddd8', 'f67b1fc7-fb55-43b1-8376-f744a8bf8080', 1.00, 15.00, 15.00, 0.00),
('5151dafe-90ee-4932-8b84-2febae4b1140', '78d901ef-8621-4818-8d1e-edd7019218e4', '3f97d102-5bee-4419-8f8a-2fc59032ddd8', '7fa3b096-8c74-4558-8ba0-994c0fc0ad63', 1.00, 15.00, 15.00, 0.00),
('25e426d7-9218-43db-81ac-d5639f9b68af', '78d901ef-8621-4818-8d1e-edd7019218e4', '3f97d102-5bee-4419-8f8a-2fc59032ddd8', '5e12e3c6-ca87-410f-80df-c0cf8335fc78', 1.00, 15.00, 15.00, 0.00),
('5ca8aa54-6933-43e3-8b6e-ad6fe3b0c2ed', '78d901ef-8621-4818-8d1e-edd7019218e4', '3f97d102-5bee-4419-8f8a-2fc59032ddd8', 'df4a3d37-6be5-4683-87e8-e6c7a2128ded', 1.00, 15.00, 15.00, 0.00),
('73d0e39e-4abd-4966-8eb7-f8b390349105', '78d901ef-8621-4818-8d1e-edd7019218e4', '3f97d102-5bee-4419-8f8a-2fc59032ddd8', '255b9fa1-668c-4dc3-8053-160095a222ff', 1.00, 15.00, 15.00, 0.00),
('a6e8a80e-bc79-4a05-88f6-8b17d799927c', '78d901ef-8621-4818-8d1e-edd7019218e4', '5d3d666a-283d-41c0-880c-8ea24f97ff97', '255b9fa1-668c-4dc3-8053-160095a222ff', 1.00, 12.00, 12.00, 0.00),
('9e0a7159-20a7-4840-8bf3-7108cef37b96', '78d901ef-8621-4818-8d1e-edd7019218e4', '5d3d666a-283d-41c0-880c-8ea24f97ff97', 'f67b1fc7-fb55-43b1-8376-f744a8bf8080', 1.00, 12.00, 12.00, 0.00),
('ea4e5939-5024-471e-87b7-171e0776a610', '78d901ef-8621-4818-8d1e-edd7019218e4', '5d3d666a-283d-41c0-880c-8ea24f97ff97', '5e12e3c6-ca87-410f-80df-c0cf8335fc78', 1.00, 12.00, 12.00, 0.00),
('726c11f2-f6ed-4d2c-8d6b-ea313cc75a18', '78d901ef-8621-4818-8d1e-edd7019218e4', '5d3d666a-283d-41c0-880c-8ea24f97ff97', 'df4a3d37-6be5-4683-87e8-e6c7a2128ded', 1.00, 12.00, 12.00, 0.00),
('ba4d7ed4-78fc-43f4-8227-336f303c4095', '9de00ce2-817c-4c61-8bd3-6b22d59e9b21', 'f98e9e99-0201-45b1-8f0d-fcc6e947ad47', '255b9fa1-668c-4dc3-8053-160095a222ff', 1.00, 17.00, 17.00, 0.00),
('532c913d-2df1-447c-8388-a16949dc16fc', '127528d8-decb-4853-86c3-ff9bc0427c8e', 'f98e9e99-0201-45b1-8f0d-fcc6e947ad47', '274c3c66-ee85-434d-8638-20b4b6cceed5', 1.00, 17.00, 17.00, 0.00),
('f7e4c86f-9943-47c8-8b62-dd2756da62df', 'c408b5e2-ff41-4216-8922-aeba0f0c8790', 'f98e9e99-0201-45b1-8f0d-fcc6e947ad47', '66355601-7b00-4c15-86fa-e845f70f45e6', 2.00, 17.00, 34.00, 0.00),
('e4f8f163-ec17-40c3-86cf-792e30661703', 'c408b5e2-ff41-4216-8922-aeba0f0c8790', 'f98e9e99-0201-45b1-8f0d-fcc6e947ad47', '02a88225-69a7-4f39-8c7a-911d6861c8bf', 2.00, 17.00, 34.00, 0.00),
('0500a91b-6fcf-4520-8611-0cf7c0d43ceb', 'b3f684ac-17b5-424f-8886-c0f5adb9ba3c', '39ec6c1f-e734-42bf-8a83-a46839fd286f', '8ca73726-8bc9-4693-8990-788531edfbfb', 1.00, 50.00, 50.00, 0.00),
('ce18f95f-fbfb-403b-85b7-14b036622b02', '38d20c13-2cc4-4052-864f-020552a600d9', 'db81686a-a443-4f0f-80b0-11fd3990f842', 'f67b1fc7-fb55-43b1-8376-f744a8bf8080', 1.00, 22.00, 22.00, 0.00),
('0a3ffef2-c2cf-46df-8189-b5bca2be30a8', '38d20c13-2cc4-4052-864f-020552a600d9', 'f98e9e99-0201-45b1-8f0d-fcc6e947ad47', 'f67b1fc7-fb55-43b1-8376-f744a8bf8080', 1.00, 17.00, 17.00, 0.00),
('8574df01-64a1-49d8-85ff-5bfe34a17c0d', '38d20c13-2cc4-4052-864f-020552a600d9', '3f97d102-5bee-4419-8f8a-2fc59032ddd8', '8c480b56-2b65-48f9-80a2-a84e94a13c67', 1.00, 15.00, 15.00, 0.00),
('ca19aec0-0797-49ac-86ae-d18405ce6bbc', '38d20c13-2cc4-4052-864f-020552a600d9', '3f97d102-5bee-4419-8f8a-2fc59032ddd8', '0e686563-0087-467b-8938-1fd02b4adb89', 1.00, 15.00, 15.00, 0.00),
('4d256d41-e3ae-4b89-8712-2f5fd69dd3ba', '38d20c13-2cc4-4052-864f-020552a600d9', '3f97d102-5bee-4419-8f8a-2fc59032ddd8', 'df4a3d37-6be5-4683-87e8-e6c7a2128ded', 1.00, 15.00, 15.00, 0.00),
('e8904737-92c8-4c77-8011-6819204ae18b', '38d20c13-2cc4-4052-864f-020552a600d9', 'db81686a-a443-4f0f-80b0-11fd3990f842', '4337df07-9f92-49ec-81c7-711b0a407ea6', 1.00, 20.00, 20.00, 0.00),
('2b02639f-b27a-451a-8ed8-a89eb96e502b', '38d20c13-2cc4-4052-864f-020552a600d9', 'a4f6e4b3-3edb-4144-8bf2-739f373262c5', '274c3c66-ee85-434d-8638-20b4b6cceed5', 1.00, 20.00, 20.00, 0.00),
('849ca6bf-2157-44d3-8398-e9f05c580255', '9cb58e0f-3475-4c84-89ba-cf70f51eea4b', '3f97d102-5bee-4419-8f8a-2fc59032ddd8', '274c3c66-ee85-434d-8638-20b4b6cceed5', 1.00, 17.00, 17.00, 0.00),
('43c36c93-7281-4331-837e-5d246e747d1d', '9cb58e0f-3475-4c84-89ba-cf70f51eea4b', 'c45f9a69-1fed-47b5-8d18-efe08f5029d5', '8ca73726-8bc9-4693-8990-788531edfbfb', 1.00, 25.00, 25.00, 0.00),
('544cdb83-ae27-4eb5-816e-a8f2f55ec216', '9cb58e0f-3475-4c84-89ba-cf70f51eea4b', 'aed3832f-f1e4-4976-8d6d-0098f64e3427', '21e29a2b-92a0-4261-8e03-671afb9e0a6f', 1.00, 27.00, 27.00, 0.00),
('f8f5fbb0-e6be-485d-806c-acad29c07f43', '9cb58e0f-3475-4c84-89ba-cf70f51eea4b', '5d3d666a-283d-41c0-880c-8ea24f97ff97', '255b9fa1-668c-4dc3-8053-160095a222ff', 2.00, 12.00, 24.00, 0.00),
('bb719fdf-fb9d-4592-83bf-8b8f6fc46115', 'fae61077-c0f1-4ee1-8fe9-205eacf67573', '3f97d102-5bee-4419-8f8a-2fc59032ddd8', '274c3c66-ee85-434d-8638-20b4b6cceed5', 1.00, 15.00, 15.00, 0.00),
('41196e21-0419-43f5-8d0f-4d3ac73c4331', 'fae61077-c0f1-4ee1-8fe9-205eacf67573', '5d3d666a-283d-41c0-880c-8ea24f97ff97', '66355601-7b00-4c15-86fa-e845f70f45e6', 1.00, 12.00, 12.00, 0.00),
('74514fd3-71e3-4142-876a-a30bbaff1b1e', 'b7185fb3-bcc1-40ae-8aeb-4cf15b59e78c', '7651fe59-bf49-4292-8753-726e08232477', '3b855492-3f38-4163-8673-7c2e1be02d0f', 20.00, 34.00, 680.00, 0.00),
('9915b96e-36e3-4792-8077-15c2d67226f3', 'b7185fb3-bcc1-40ae-8aeb-4cf15b59e78c', '7651fe59-bf49-4292-8753-726e08232477', 'fd941212-a83b-4c9c-8911-aa8d2ba90e3d', 22.00, 34.00, 748.00, 0.00),
('e6385546-a2dd-43f0-896e-2ad7a0d7ca6b', '997c495f-9e76-4752-8fc2-cb0782b8c927', 'cbebbeb5-9d8e-47fb-8a13-da4185aeb142', '23fa97f6-4b29-4e85-84f4-b3d60dcb23d1', 10.00, 34.00, 340.00, 0.00),
('4ef6564a-865b-42ce-8a69-8581c3d5c82e', '997c495f-9e76-4752-8fc2-cb0782b8c927', 'b57225c9-4823-4a2d-8c23-32f2134058a6', '1ae62e3b-b0b3-4941-8661-f035c0a78486', 20.00, 34.00, 680.00, 0.00),
('51c9cd2a-28ae-4951-8fce-bbc931a84abf', '997c495f-9e76-4752-8fc2-cb0782b8c927', 'b57225c9-4823-4a2d-8c23-32f2134058a6', '5edf9e18-b5e8-41f8-8cb6-f8a16ce90819', 15.00, 34.00, 510.00, 0.00),
('d08d6195-86d6-439d-83a6-b53525943230', '997c495f-9e76-4752-8fc2-cb0782b8c927', 'b57225c9-4823-4a2d-8c23-32f2134058a6', 'fd941212-a83b-4c9c-8911-aa8d2ba90e3d', 15.00, 34.00, 510.00, 0.00),
('812fb704-8b4b-47b1-82b6-2db85932507a', '997c495f-9e76-4752-8fc2-cb0782b8c927', 'b57225c9-4823-4a2d-8c23-32f2134058a6', '3b855492-3f38-4163-8673-7c2e1be02d0f', 15.00, 34.00, 510.00, 0.00),
('1e898027-202e-457a-86e4-a2754a98fbb0', '13c99e3f-98d7-4c62-833f-6f04ff8fea06', '3f97d102-5bee-4419-8f8a-2fc59032ddd8', '274c3c66-ee85-434d-8638-20b4b6cceed5', 1.00, 15.00, 15.00, 0.00),
('db7ca54e-c100-4753-82a9-288777614b38', '13c99e3f-98d7-4c62-833f-6f04ff8fea06', '5d3d666a-283d-41c0-880c-8ea24f97ff97', '274c3c66-ee85-434d-8638-20b4b6cceed5', 1.00, 12.00, 12.00, 0.00),
('13465218-54f5-4f0e-8ea2-e8e2d1fc8093', '6f31de09-e674-42e8-824f-38ea81157860', '3f97d102-5bee-4419-8f8a-2fc59032ddd8', '21e29a2b-92a0-4261-8e03-671afb9e0a6f', 5.00, 15.00, 75.00, 0.00),
('c17837ec-1d11-4388-86ab-2ffded097cae', '3f91cdbd-1896-4998-8034-3bbf9a5c84c0', '3f97d102-5bee-4419-8f8a-2fc59032ddd8', '7fa3b096-8c74-4558-8ba0-994c0fc0ad63', 3.00, 15.00, 45.00, 0.00),
('b37dd657-0fd4-4f11-8359-17733124e703', '3f91cdbd-1896-4998-8034-3bbf9a5c84c0', '3f97d102-5bee-4419-8f8a-2fc59032ddd8', '8c480b56-2b65-48f9-80a2-a84e94a13c67', 4.00, 15.00, 60.00, 0.00),
('4e946960-9677-40b0-8645-0fdbe28b37a3', '3f91cdbd-1896-4998-8034-3bbf9a5c84c0', '3f97d102-5bee-4419-8f8a-2fc59032ddd8', '07353561-b78c-4a07-8e3a-9b4e481f5bd5', 3.00, 15.00, 45.00, 0.00),
('86e16db4-19eb-4b4c-86e4-abb6c2f20e7b', '3f91cdbd-1896-4998-8034-3bbf9a5c84c0', '3f97d102-5bee-4419-8f8a-2fc59032ddd8', 'f8e7ccc3-5b19-4922-8ccb-5c9cc9222bc7', 2.00, 15.00, 30.00, 0.00),
('8ef5115c-82d9-4984-8a66-2325bab64e28', '3f91cdbd-1896-4998-8034-3bbf9a5c84c0', '3f97d102-5bee-4419-8f8a-2fc59032ddd8', '255b9fa1-668c-4dc3-8053-160095a222ff', 2.00, 15.00, 30.00, 0.00),
('a0c261b2-803f-4a2b-871d-5f643b3ec135', '3f91cdbd-1896-4998-8034-3bbf9a5c84c0', '3f97d102-5bee-4419-8f8a-2fc59032ddd8', '5e12e3c6-ca87-410f-80df-c0cf8335fc78', 2.00, 15.00, 30.00, 0.00),
('1761f57b-ab56-4409-8f19-4b21a11c94d0', '3f91cdbd-1896-4998-8034-3bbf9a5c84c0', '3f97d102-5bee-4419-8f8a-2fc59032ddd8', '0e686563-0087-467b-8938-1fd02b4adb89', 1.00, 15.00, 15.00, 0.00),
('2cd70ff4-b706-4d99-838c-46530ff8c336', '3f91cdbd-1896-4998-8034-3bbf9a5c84c0', '3f97d102-5bee-4419-8f8a-2fc59032ddd8', '8ca73726-8bc9-4693-8990-788531edfbfb', 4.00, 15.00, 60.00, 0.00),
('86283c71-9c20-4cb4-8839-2597ac16fb42', '3f91cdbd-1896-4998-8034-3bbf9a5c84c0', '3f97d102-5bee-4419-8f8a-2fc59032ddd8', 'f67b1fc7-fb55-43b1-8376-f744a8bf8080', 10.00, 15.00, 150.00, 0.00),
('3e620d7c-1119-4137-8b33-3052ca0c1874', '3f91cdbd-1896-4998-8034-3bbf9a5c84c0', '3f97d102-5bee-4419-8f8a-2fc59032ddd8', '02c1b088-b394-4fec-883a-5324e3755130', 1.00, 15.00, 15.00, 0.00),
('2a836854-4ab2-4f86-80dd-e8514952156f', '3f91cdbd-1896-4998-8034-3bbf9a5c84c0', '3f97d102-5bee-4419-8f8a-2fc59032ddd8', '343214e2-c97d-4348-88af-11da5dea83cb', 1.00, 15.00, 15.00, 0.00),
('f14976e5-e9f4-47a5-8da3-b3b1746bebd2', '3f91cdbd-1896-4998-8034-3bbf9a5c84c0', '3f97d102-5bee-4419-8f8a-2fc59032ddd8', 'df4a3d37-6be5-4683-87e8-e6c7a2128ded', 4.00, 15.00, 60.00, 0.00),
('2319ffb3-d0b7-41c7-8cbd-5fda6dd4b47b', '3f91cdbd-1896-4998-8034-3bbf9a5c84c0', '3f97d102-5bee-4419-8f8a-2fc59032ddd8', 'bb04f04b-117c-40f5-8505-e707f2fc03a7', 2.00, 15.00, 30.00, 0.00),
('116b897a-3502-40cd-8486-52e105304774', '3f91cdbd-1896-4998-8034-3bbf9a5c84c0', '3f97d102-5bee-4419-8f8a-2fc59032ddd8', 'fba3f96f-968c-403a-8f6e-8c76ff590d66', 5.00, 15.00, 75.00, 0.00),
('1eca8b65-e0b8-4a77-8d93-9d1405a11460', '3f91cdbd-1896-4998-8034-3bbf9a5c84c0', '3f97d102-5bee-4419-8f8a-2fc59032ddd8', '78713a93-586b-4272-841a-e946e1fcba7d', 1.00, 15.00, 15.00, 0.00),
('bd0deba4-2422-4132-868d-ae5127d2df63', '3f91cdbd-1896-4998-8034-3bbf9a5c84c0', '3f97d102-5bee-4419-8f8a-2fc59032ddd8', '3a1d692e-fdeb-4b4d-88c2-6a42ce754891', 4.00, 15.00, 60.00, 0.00),
('8e6b3db0-f093-498c-8560-5e4f4d019ed8', '3f91cdbd-1896-4998-8034-3bbf9a5c84c0', 'aed3832f-f1e4-4976-8d6d-0098f64e3427', '66355601-7b00-4c15-86fa-e845f70f45e6', 1.00, 25.00, 25.00, 0.00),
('8c1a77d8-1c42-4d56-8743-bb7e5126942a', '3f91cdbd-1896-4998-8034-3bbf9a5c84c0', 'f9ceaff1-2acb-4bcf-834f-f4d58629d53a', '21d6252d-f6ce-4b98-8499-3154d1accc48', 1.00, 20.00, 20.00, 0.00),
('76f48776-80d9-46f1-8f36-7fa490e733eb', '3f91cdbd-1896-4998-8034-3bbf9a5c84c0', 'db81686a-a443-4f0f-80b0-11fd3990f842', '255b9fa1-668c-4dc3-8053-160095a222ff', 2.00, 20.00, 40.00, 0.00),
('f37ba4b9-cb2f-4d81-87e6-037f246f0e3b', '3f91cdbd-1896-4998-8034-3bbf9a5c84c0', 'db81686a-a443-4f0f-80b0-11fd3990f842', '66355601-7b00-4c15-86fa-e845f70f45e6', 1.00, 20.00, 20.00, 0.00),
('c607462b-b96e-45c3-86a0-87099c4ff5f9', '3f91cdbd-1896-4998-8034-3bbf9a5c84c0', 'db81686a-a443-4f0f-80b0-11fd3990f842', '4337df07-9f92-49ec-81c7-711b0a407ea6', 4.00, 20.00, 80.00, 0.00),
('512612b4-e491-44c6-84f4-ca3cc2e3349b', '556bb478-248e-4360-898a-d01de5c791f0', 'db81686a-a443-4f0f-80b0-11fd3990f842', '78713a93-586b-4272-841a-e946e1fcba7d', 1.00, 22.00, 22.00, 0.00),
('de8cc794-1bee-4f07-8199-fb5bc52cb705', '556bb478-248e-4360-898a-d01de5c791f0', '3f97d102-5bee-4419-8f8a-2fc59032ddd8', '5e12e3c6-ca87-410f-80df-c0cf8335fc78', 4.00, 15.00, 60.00, 0.00),
('f40a7f40-f4e8-46e0-8e45-c9532a769117', '556bb478-248e-4360-898a-d01de5c791f0', '3f97d102-5bee-4419-8f8a-2fc59032ddd8', '7f2df60b-54fa-469f-8c26-a140b865caf1', 4.00, 15.00, 60.00, 0.00),
('e41f88bb-0b1e-4fd8-891f-8d143949a8d5', '556bb478-248e-4360-898a-d01de5c791f0', '3f97d102-5bee-4419-8f8a-2fc59032ddd8', 'df4a3d37-6be5-4683-87e8-e6c7a2128ded', 4.00, 15.00, 60.00, 0.00),
('69759c72-0290-4e84-8f7c-47905149a4a2', '556bb478-248e-4360-898a-d01de5c791f0', '3f97d102-5bee-4419-8f8a-2fc59032ddd8', '274c3c66-ee85-434d-8638-20b4b6cceed5', 4.00, 15.00, 60.00, 0.00),
('c63f7ece-199d-4354-83fe-0df138493723', '556bb478-248e-4360-898a-d01de5c791f0', '3f97d102-5bee-4419-8f8a-2fc59032ddd8', '21e29a2b-92a0-4261-8e03-671afb9e0a6f', 4.00, 15.00, 60.00, 0.00);

-- (Índices, AUTO_INCREMENT y CONSTRAINT son sintaxis MySQL; en SQLite no se ejecutan.)

PRAGMA foreign_keys = ON;